2026-10-06T10:45:16Z	github-actions[bot]	github-actions[bot]	chore: update notifications-sent.json
2026-10-06T10:28:11Z	github-actions[bot]	github-actions[bot]	chore: sync deadlines.json
2026-10-06T03:05:33Z	github-actions[bot]	github-actions[bot]	chore: sync deadlines.json
2026-10-05T22:45:12Z	github-actions[bot]	github-actions[bot]	chore: sync deadlines.json
2026-10-05T16:09:18Z	github-actions[bot]	github-actions[bot]	chore: sync deadlines.json
2026-10-05T07:09:36Z	github-actions[bot]	github-actions[bot]	chore: sync deadlines.json
2026-10-05T01:02:34Z	github-actions[bot]	github-actions[bot]	chore: sync deadlines.json
2026-10-04T21:35:37Z	github-actions[bot]	github-actions[bot]	chore: sync deadlines.json
2026-10-04T17:42:19Z	github-actions[bot]	github-actions[bot]	chore: sync deadlines.json
2026-10-04T13:17:36Z	github-actions[bot]	github-actions[bot]	chore: sync deadlines.json
2026-10-04T07:00:51Z	github-actions[bot]	github-actions[bot]	chore: sync deadlines.json
2026-10-04T00:44:21Z	github-actions[bot]	github-actions[bot]	chore: sync deadlines.json
2026-10-03T21:24:07Z	github-actions[bot]	github-actions[bot]	chore: sync deadlines.json
2026-10-03T18:01:20Z	github-actions[bot]	github-actions[bot]	chore: sync deadlines.json
2026-10-03T13:30:36Z	github-actions[bot]	github-actions[bot]	chore: sync deadlines.json
2026-10-03T08:14:46Z	github-actions[bot]	github-actions[bot]	chore: sync deadlines.json
2026-10-03T02:04:20Z	github-actions[bot]	github-actions[bot]	chore: sync deadlines.json
2026-10-02T23:03:03Z	github-actions[bot]	github-actions[bot]	chore: sync deadlines.json
2026-10-02T19:29:21Z	github-actions[bot]	github-actions[bot]	chore: update notifications-sent.json
2026-10-02T18:29:21Z	github-actions[bot]	github-actions[bot]	chore: sync deadlines.json
2026-10-02T12:48:04Z	github-actions[bot]	github-actions[bot]	chore: sync deadlines.json
2026-10-02T05:48:11Z	github-actions[bot]	github-actions[bot]	chore: sync deadlines.json
2026-10-01T23:56:54Z	github-actions[bot]	github-actions[bot]	chore: sync deadlines.json
2026-10-01T19:37:39Z	github-actions[bot]	github-actions[bot]	chore: sync deadlines.json
2026-10-01T13:27:55Z	github-actions[bot]	github-actions[bot]	chore: sync deadlines.json
2026-10-01T06:07:01Z	github-actions[bot]	github-actions[bot]	chore: sync deadlines.json
2026-09-30T23:56:24Z	github-actions[bot]	github-actions[bot]	chore: sync deadlines.json
2026-09-30T20:58:43Z	github-actions[bot]	github-actions[bot]	chore: update notifications-sent.json
2026-09-30T19:27:59Z	github-actions[bot]	github-actions[bot]	chore: sync deadlines.json
2026-09-30T13:50:53Z	github-actions[bot]	github-actions[bot]	chore: sync deadlines.json
2026-09-30T06:49:46Z	github-actions[bot]	github-actions[bot]	chore: sync deadlines.json
2026-09-30T00:34:40Z	github-actions[bot]	github-actions[bot]	chore: sync deadlines.json
2026-09-29T20:52:56Z	github-actions[bot]	github-actions[bot]	chore: sync deadlines.json
2026-09-29T16:00:45Z	github-actions[bot]	github-actions[bot]	chore: sync deadlines.json
2026-09-29T08:39:07Z	github-actions[bot]	github-actions[bot]	chore: sync deadlines.json
2026-09-29T02:03:54Z	github-actions[bot]	github-actions[bot]	chore: sync deadlines.json
2026-09-28T22:08:21Z	github-actions[bot]	github-actions[bot]	chore: sync deadlines.json
2026-09-28T15:36:41Z	github-actions[bot]	github-actions[bot]	chore: sync deadlines.json
2026-09-28T07:02:18Z	github-actions[bot]	github-actions[bot]	chore: sync deadlines.json
2026-09-28T00:55:43Z	github-actions[bot]	github-actions[bot]	chore: sync deadlines.json
2026-09-27T22:18:17Z	github-actions[bot]	github-actions[bot]	chore: sync deadlines.json
2026-09-27T18:30:48Z	github-actions[bot]	github-actions[bot]	chore: sync deadlines.json
2026-09-27T14:07:29Z	github-actions[bot]	github-actions[bot]	chore: sync deadlines.json
2026-09-27T08:19:07Z	github-actions[bot]	github-actions[bot]	chore: sync deadlines.json
2026-09-27T01:32:29Z	github-actions[bot]	github-actions[bot]	chore: sync deadlines.json
2026-09-26T22:57:07Z	github-actions[bot]	github-actions[bot]	chore: sync deadlines.json
2026-09-26T19:57:31Z	github-actions[bot]	github-actions[bot]	chore: sync deadlines.json
2026-09-26T17:16:17Z	github-actions[bot]	github-actions[bot]	chore: sync deadlines.json
2026-09-26T13:12:15Z	github-actions[bot]	github-actions[bot]	chore: sync deadlines.json
2026-09-26T07:49:12Z	github-actions[bot]	github-actions[bot]	chore: sync deadlines.json
2026-09-26T01:39:30Z	github-actions[bot]	github-actions[bot]	chore: sync deadlines.json
2026-09-25T22:27:38Z	github-actions[bot]	github-actions[bot]	chore: sync deadlines.json
2026-09-25T18:42:39Z	github-actions[bot]	github-actions[bot]	chore: sync deadlines.json
2026-09-25T17:30:55Z	github-actions[bot]	github-actions[bot]	chore: update notifications-sent.json
2026-09-25T13:55:49Z	github-actions[bot]	github-actions[bot]	chore: sync deadlines.json
2026-09-25T01:36:22Z	github-actions[bot]	github-actions[bot]	chore: sync deadlines.json
2026-09-24T22:31:06Z	github-actions[bot]	github-actions[bot]	chore: sync deadlines.json
2026-09-24T19:15:53Z	github-actions[bot]	github-actions[bot]	chore: sync deadlines.json
2026-09-24T15:13:19Z	github-actions[bot]	github-actions[bot]	chore: sync deadlines.json
2026-09-24T12:52:47Z	github-actions[bot]	github-actions[bot]	chore: update notifications-sent.json
2026-09-24T10:08:17Z	github-actions[bot]	github-actions[bot]	chore: sync deadlines.json
2026-09-24T05:00:09Z	github-actions[bot]	github-actions[bot]	chore: sync deadlines.json
2026-09-23T23:46:11Z	github-actions[bot]	github-actions[bot]	chore: sync deadlines.json
2026-09-23T20:27:42Z	github-actions[bot]	github-actions[bot]	chore: sync deadlines.json
2026-09-23T17:10:21Z	github-actions[bot]	github-actions[bot]	chore: sync deadlines.json
2026-09-23T06:04:27Z	github-actions[bot]	github-actions[bot]	chore: sync deadlines.json
2026-09-23T00:42:34Z	github-actions[bot]	github-actions[bot]	chore: sync deadlines.json
2026-09-22T22:16:05Z	github-actions[bot]	github-actions[bot]	chore: sync deadlines.json
2026-09-22T18:58:51Z	github-actions[bot]	github-actions[bot]	chore: sync deadlines.json
2026-09-22T15:01:23Z	github-actions[bot]	github-actions[bot]	chore: sync deadlines.json
2026-09-22T10:04:42Z	github-actions[bot]	github-actions[bot]	chore: sync deadlines.json
2026-09-22T05:06:27Z	github-actions[bot]	github-actions[bot]	chore: sync deadlines.json
2026-09-21T23:21:39Z	github-actions[bot]	github-actions[bot]	chore: sync deadlines.json
2026-09-21T19:35:26Z	github-actions[bot]	github-actions[bot]	chore: sync deadlines.json
2026-09-21T14:17:29Z	github-actions[bot]	github-actions[bot]	chore: sync deadlines.json
2026-09-21T06:28:52Z	github-actions[bot]	github-actions[bot]	chore: sync deadlines.json
2026-09-21T01:11:46Z	github-actions[bot]	github-actions[bot]	chore: sync deadlines.json
2026-09-20T22:31:20Z	github-actions[bot]	github-actions[bot]	chore: sync deadlines.json
2026-09-20T19:31:05Z	github-actions[bot]	github-actions[bot]	chore: sync deadlines.json
2026-09-20T16:52:14Z	github-actions[bot]	github-actions[bot]	chore: sync deadlines.json
2026-09-20T12:27:28Z	github-actions[bot]	github-actions[bot]	chore: sync deadlines.json
2026-09-20T06:25:46Z	github-actions[bot]	github-actions[bot]	chore: sync deadlines.json
2026-09-20T01:14:46Z	github-actions[bot]	github-actions[bot]	chore: sync deadlines.json
2026-09-19T23:13:22Z	github-actions[bot]	github-actions[bot]	chore: sync deadlines.json
2026-09-19T20:47:37Z	github-actions[bot]	github-actions[bot]	chore: sync deadlines.json
2026-09-19T18:05:50Z	github-actions[bot]	github-actions[bot]	chore: sync deadlines.json
2026-09-19T14:30:11Z	github-actions[bot]	github-actions[bot]	chore: sync deadlines.json
2026-09-19T11:08:43Z	github-actions[bot]	github-actions[bot]	chore: sync deadlines.json
2026-09-19T06:02:01Z	github-actions[bot]	github-actions[bot]	chore: sync deadlines.json
2026-09-19T01:14:53Z	github-actions[bot]	github-actions[bot]	chore: sync deadlines.json
2026-09-18T22:38:55Z	github-actions[bot]	github-actions[bot]	chore: sync deadlines.json
2026-09-18T19:42:09Z	github-actions[bot]	github-actions[bot]	chore: sync deadlines.json
2026-09-18T16:30:20Z	github-actions[bot]	github-actions[bot]	chore: sync deadlines.json
2026-09-18T11:24:49Z	github-actions[bot]	github-actions[bot]	chore: sync deadlines.json
2026-09-18T06:00:30Z	github-actions[bot]	github-actions[bot]	chore: sync deadlines.json
2026-09-18T00:27:39Z	github-actions[bot]	github-actions[bot]	chore: sync deadlines.json
2026-09-17T22:15:15Z	github-actions[bot]	github-actions[bot]	chore: sync deadlines.json
2026-09-17T21:12:17Z	tahcin	tahcin	Exclude orientation reading material from the public deadline feed
2026-09-17T18:19:49Z	github-actions[bot]	github-actions[bot]	chore: sync deadlines.json
2026-09-17T13:33:56Z	github-actions[bot]	github-actions[bot]	chore: sync deadlines.json
2026-09-17T07:46:22Z	github-actions[bot]	github-actions[bot]	chore: sync deadlines.json
2026-09-17T01:30:33Z	github-actions[bot]	github-actions[bot]	chore: sync deadlines.json
2026-09-16T23:00:17Z	github-actions[bot]	github-actions[bot]	chore: sync deadlines.json
2026-09-16T20:13:12Z	github-actions[bot]	github-actions[bot]	chore: sync deadlines.json
2026-09-16T17:06:26Z	github-actions[bot]	github-actions[bot]	chore: sync deadlines.json
2026-09-16T11:45:04Z	github-actions[bot]	github-actions[bot]	chore: sync deadlines.json
2026-09-16T06:08:20Z	github-actions[bot]	github-actions[bot]	chore: sync deadlines.json
2026-09-16T00:27:26Z	github-actions[bot]	github-actions[bot]	chore: sync deadlines.json
2026-09-15T21:30:05Z	github-actions[bot]	github-actions[bot]	chore: sync deadlines.json
2026-09-15T18:16:44Z	github-actions[bot]	github-actions[bot]	chore: sync deadlines.json
2026-09-15T13:39:32Z	github-actions[bot]	github-actions[bot]	chore: sync deadlines.json
2026-09-15T07:50:56Z	github-actions[bot]	github-actions[bot]	chore: sync deadlines.json
2026-09-15T01:33:32Z	github-actions[bot]	github-actions[bot]	chore: sync deadlines.json
2026-09-14T23:12:24Z	github-actions[bot]	github-actions[bot]	chore: sync deadlines.json
2026-09-14T19:27:00Z	github-actions[bot]	github-actions[bot]	chore: sync deadlines.json
2026-09-14T14:10:46Z	github-actions[bot]	github-actions[bot]	chore: sync deadlines.json
2026-09-14T06:24:16Z	github-actions[bot]	github-actions[bot]	chore: sync deadlines.json
2026-09-14T01:12:20Z	github-actions[bot]	github-actions[bot]	chore: sync deadlines.json
2026-09-13T22:28:21Z	github-actions[bot]	github-actions[bot]	chore: sync deadlines.json
2026-09-13T19:31:34Z	github-actions[bot]	github-actions[bot]	chore: sync deadlines.json
2026-09-13T16:24:58Z	github-actions[bot]	github-actions[bot]	chore: sync deadlines.json
2026-09-13T12:05:26Z	github-actions[bot]	github-actions[bot]	chore: sync deadlines.json
2026-09-13T06:16:56Z	github-actions[bot]	github-actions[bot]	chore: sync deadlines.json
2026-09-13T01:06:17Z	github-actions[bot]	github-actions[bot]	chore: sync deadlines.json
2026-09-12T22:22:32Z	github-actions[bot]	github-actions[bot]	chore: sync deadlines.json
2026-09-12T19:27:43Z	github-actions[bot]	github-actions[bot]	chore: sync deadlines.json
2026-09-12T17:15:14Z	github-actions[bot]	github-actions[bot]	chore: sync deadlines.json
2026-09-12T14:13:32Z	github-actions[bot]	github-actions[bot]	chore: sync deadlines.json
2026-09-12T10:54:43Z	github-actions[bot]	github-actions[bot]	chore: sync deadlines.json
2026-09-12T05:54:46Z	github-actions[bot]	github-actions[bot]	chore: sync deadlines.json
2026-09-12T01:11:56Z	github-actions[bot]	github-actions[bot]	chore: sync deadlines.json
2026-09-11T22:38:50Z	github-actions[bot]	github-actions[bot]	chore: sync deadlines.json
2026-09-11T19:47:37Z	github-actions[bot]	github-actions[bot]	chore: sync deadlines.json
2026-09-11T16:35:30Z	github-actions[bot]	github-actions[bot]	chore: sync deadlines.json
2026-09-11T11:30:38Z	github-actions[bot]	github-actions[bot]	chore: sync deadlines.json
2026-09-11T06:06:02Z	github-actions[bot]	github-actions[bot]	chore: sync deadlines.json
2026-09-11T01:10:27Z	github-actions[bot]	github-actions[bot]	chore: sync deadlines.json
2026-09-10T22:40:22Z	github-actions[bot]	github-actions[bot]	chore: sync deadlines.json
2026-09-10T19:46:25Z	github-actions[bot]	github-actions[bot]	chore: sync deadlines.json
2026-09-10T16:30:28Z	github-actions[bot]	github-actions[bot]	chore: sync deadlines.json
2026-09-10T11:28:53Z	github-actions[bot]	github-actions[bot]	chore: sync deadlines.json
2026-09-10T06:04:17Z	github-actions[bot]	github-actions[bot]	chore: sync deadlines.json
2026-09-10T01:09:00Z	github-actions[bot]	github-actions[bot]	chore: sync deadlines.json
2026-09-09T22:36:53Z	github-actions[bot]	github-actions[bot]	chore: sync deadlines.json
2026-09-09T19:51:24Z	github-actions[bot]	github-actions[bot]	chore: sync deadlines.json
2026-09-09T16:48:13Z	github-actions[bot]	github-actions[bot]	chore: sync deadlines.json
2026-09-09T11:32:24Z	github-actions[bot]	github-actions[bot]	chore: sync deadlines.json
2026-09-09T06:04:37Z	github-actions[bot]	github-actions[bot]	chore: sync deadlines.json
2026-09-09T00:19:42Z	github-actions[bot]	github-actions[bot]	chore: sync deadlines.json
2026-09-08T21:54:58Z	github-actions[bot]	github-actions[bot]	chore: sync deadlines.json
2026-09-08T18:46:50Z	github-actions[bot]	github-actions[bot]	chore: sync deadlines.json
2026-09-08T14:45:28Z	github-actions[bot]	github-actions[bot]	chore: update notifications-sent.json
2026-09-08T14:40:49Z	github-actions[bot]	github-actions[bot]	chore: sync deadlines.json
2026-09-08T10:03:34Z	github-actions[bot]	github-actions[bot]	chore: update notifications-sent.json
2026-09-08T09:47:16Z	github-actions[bot]	github-actions[bot]	chore: sync deadlines.json
2026-09-08T04:46:49Z	github-actions[bot]	github-actions[bot]	chore: sync deadlines.json
2026-09-07T23:33:41Z	github-actions[bot]	github-actions[bot]	chore: sync deadlines.json
2026-09-07T20:37:53Z	github-actions[bot]	github-actions[bot]	chore: sync deadlines.json
2026-09-07T16:31:31Z	github-actions[bot]	github-actions[bot]	chore: sync deadlines.json
2026-09-07T10:26:40Z	github-actions[bot]	github-actions[bot]	chore: sync deadlines.json
2026-09-07T04:50:30Z	github-actions[bot]	github-actions[bot]	chore: sync deadlines.json
2026-09-07T00:00:34Z	github-actions[bot]	github-actions[bot]	chore: sync deadlines.json
2026-09-06T21:27:18Z	github-actions[bot]	github-actions[bot]	chore: sync deadlines.json
2026-09-06T19:15:59Z	github-actions[bot]	github-actions[bot]	chore: sync deadlines.json
2026-09-06T17:07:55Z	github-actions[bot]	github-actions[bot]	chore: sync deadlines.json
2026-09-06T13:43:18Z	github-actions[bot]	github-actions[bot]	chore: sync deadlines.json
2026-09-06T09:30:20Z	github-actions[bot]	github-actions[bot]	chore: sync deadlines.json
2026-09-06T04:46:52Z	github-actions[bot]	github-actions[bot]	chore: sync deadlines.json
2026-09-05T23:58:21Z	github-actions[bot]	github-actions[bot]	chore: sync deadlines.json
2026-09-05T21:19:55Z	github-actions[bot]	github-actions[bot]	chore: sync deadlines.json
2026-09-05T16:52:26Z	github-actions[bot]	github-actions[bot]	chore: sync deadlines.json
2026-09-05T13:54:00Z	github-actions[bot]	github-actions[bot]	chore: sync deadlines.json
2026-09-05T10:42:44Z	github-actions[bot]	github-actions[bot]	chore: sync deadlines.json
2026-09-05T05:50:28Z	github-actions[bot]	github-actions[bot]	chore: sync deadlines.json
2026-09-05T01:02:36Z	github-actions[bot]	github-actions[bot]	chore: sync deadlines.json
2026-09-04T22:24:52Z	github-actions[bot]	github-actions[bot]	chore: sync deadlines.json
2026-09-04T19:40:23Z	github-actions[bot]	github-actions[bot]	chore: sync deadlines.json
2026-09-04T16:27:31Z	github-actions[bot]	github-actions[bot]	chore: sync deadlines.json
2026-09-04T11:26:22Z	github-actions[bot]	github-actions[bot]	chore: sync deadlines.json
2026-09-04T05:59:54Z	github-actions[bot]	github-actions[bot]	chore: sync deadlines.json
2026-09-04T01:02:35Z	github-actions[bot]	github-actions[bot]	chore: sync deadlines.json
2026-09-03T22:38:27Z	github-actions[bot]	github-actions[bot]	chore: sync deadlines.json
2026-09-03T19:55:12Z	github-actions[bot]	github-actions[bot]	chore: sync deadlines.json
2026-09-03T16:31:23Z	github-actions[bot]	github-actions[bot]	chore: sync deadlines.json
2026-09-03T11:22:40Z	github-actions[bot]	github-actions[bot]	chore: sync deadlines.json
2026-09-03T05:53:29Z	github-actions[bot]	github-actions[bot]	chore: sync deadlines.json
2026-09-03T01:10:08Z	github-actions[bot]	github-actions[bot]	chore: sync deadlines.json
2026-09-02T22:41:38Z	github-actions[bot]	github-actions[bot]	chore: sync deadlines.json
2026-09-02T19:50:57Z	github-actions[bot]	github-actions[bot]	chore: sync deadlines.json
2026-09-02T16:40:03Z	github-actions[bot]	github-actions[bot]	chore: sync deadlines.json
2026-09-02T11:26:00Z	github-actions[bot]	github-actions[bot]	chore: sync deadlines.json
2026-09-02T05:53:46Z	github-actions[bot]	github-actions[bot]	chore: sync deadlines.json
2026-09-02T00:19:34Z	github-actions[bot]	github-actions[bot]	chore: sync deadlines.json
2026-09-01T21:50:20Z	github-actions[bot]	github-actions[bot]	chore: sync deadlines.json
2026-09-01T18:36:17Z	github-actions[bot]	github-actions[bot]	chore: sync deadlines.json
2026-09-01T10:15:01Z	github-actions[bot]	github-actions[bot]	chore: sync deadlines.json
2026-09-01T05:17:09Z	github-actions[bot]	github-actions[bot]	chore: sync deadlines.json
2026-08-31T23:54:33Z	github-actions[bot]	github-actions[bot]	chore: sync deadlines.json
2026-08-31T20:10:24Z	github-actions[bot]	github-actions[bot]	chore: sync deadlines.json
2026-08-31T14:02:49Z	github-actions[bot]	github-actions[bot]	chore: sync deadlines.json
2026-08-31T05:44:18Z	github-actions[bot]	github-actions[bot]	chore: sync deadlines.json
2026-08-30T23:34:53Z	github-actions[bot]	github-actions[bot]	chore: sync deadlines.json
2026-08-30T21:12:20Z	github-actions[bot]	github-actions[bot]	chore: sync deadlines.json
2026-08-30T17:34:23Z	github-actions[bot]	github-actions[bot]	chore: sync deadlines.json
2026-08-30T12:58:19Z	github-actions[bot]	github-actions[bot]	chore: sync deadlines.json
2026-08-30T06:48:10Z	github-actions[bot]	github-actions[bot]	chore: sync deadlines.json
2026-08-30T00:24:31Z	github-actions[bot]	github-actions[bot]	chore: sync deadlines.json
2026-08-29T21:48:18Z	github-actions[bot]	github-actions[bot]	chore: sync deadlines.json
2026-08-29T18:35:54Z	github-actions[bot]	github-actions[bot]	chore: sync deadlines.json
2026-08-29T14:32:33Z	github-actions[bot]	github-actions[bot]	chore: sync deadlines.json
2026-08-29T09:10:26Z	github-actions[bot]	github-actions[bot]	chore: sync deadlines.json
2026-08-29T02:17:45Z	github-actions[bot]	github-actions[bot]	chore: sync deadlines.json
2026-08-28T18:48:23Z	github-actions[bot]	github-actions[bot]	chore: sync deadlines.json
2026-08-28T05:28:03Z	github-actions[bot]	github-actions[bot]	chore: sync deadlines.json
2026-08-27T20:34:50Z	github-actions[bot]	github-actions[bot]	chore: sync deadlines.json
2026-08-27T09:56:40Z	github-actions[bot]	github-actions[bot]	chore: sync deadlines.json
2026-08-26T23:41:24Z	github-actions[bot]	github-actions[bot]	chore: sync deadlines.json
2026-08-26T20:07:49Z	github-actions[bot]	github-actions[bot]	chore: sync deadlines.json
2026-08-26T18:07:13Z	github-actions[bot]	github-actions[bot]	chore: sync deadlines.json
2026-08-26T15:55:38Z	github-actions[bot]	github-actions[bot]	chore: sync deadlines.json
2026-08-26T14:21:03Z	tahcin	tahcin	Exclude personal retest courses from the public deadline feed
2026-08-26T13:20:18Z	github-actions[bot]	github-actions[bot]	chore: sync deadlines.json
2026-08-26T11:48:31Z	github-actions[bot]	github-actions[bot]	chore: sync deadlines.json
2026-08-26T10:53:35Z	github-actions[bot]	github-actions[bot]	chore: sync deadlines.json
2026-08-26T10:00:27Z	github-actions[bot]	github-actions[bot]	chore: sync deadlines.json
2026-08-26T09:05:55Z	github-actions[bot]	github-actions[bot]	chore: sync deadlines.json
2026-08-26T08:03:15Z	github-actions[bot]	github-actions[bot]	chore: sync deadlines.json
2026-08-26T07:11:32Z	github-actions[bot]	github-actions[bot]	chore: sync deadlines.json
2026-08-26T05:53:00Z	github-actions[bot]	github-actions[bot]	chore: sync deadlines.json
2026-08-26T04:58:34Z	github-actions[bot]	github-actions[bot]	chore: sync deadlines.json
2026-08-26T03:27:59Z	github-actions[bot]	github-actions[bot]	chore: sync deadlines.json
2026-08-26T02:01:08Z	github-actions[bot]	github-actions[bot]	chore: sync deadlines.json
2026-08-25T23:41:47Z	github-actions[bot]	github-actions[bot]	chore: sync deadlines.json
2026-08-25T22:48:17Z	github-actions[bot]	github-actions[bot]	chore: sync deadlines.json
2026-08-25T21:46:45Z	github-actions[bot]	github-actions[bot]	chore: sync deadlines.json
2026-08-25T20:49:12Z	github-actions[bot]	github-actions[bot]	chore: sync deadlines.json
2026-08-25T19:48:38Z	github-actions[bot]	github-actions[bot]	chore: sync deadlines.json
2026-08-25T19:00:49Z	github-actions[bot]	github-actions[bot]	chore: sync deadlines.json
2026-08-25T17:47:56Z	github-actions[bot]	github-actions[bot]	chore: sync deadlines.json
2026-08-25T16:58:58Z	github-actions[bot]	github-actions[bot]	chore: sync deadlines.json
2026-08-25T16:06:35Z	github-actions[bot]	github-actions[bot]	chore: sync deadlines.json
2026-08-25T15:08:57Z	github-actions[bot]	github-actions[bot]	chore: sync deadlines.json
2026-08-25T14:08:45Z	github-actions[bot]	github-actions[bot]	chore: sync deadlines.json
2026-08-25T13:14:39Z	github-actions[bot]	github-actions[bot]	chore: sync deadlines.json
2026-08-25T11:58:45Z	github-actions[bot]	github-actions[bot]	chore: update notifications-sent.json
2026-08-25T11:47:23Z	github-actions[bot]	github-actions[bot]	chore: sync deadlines.json
2026-08-25T10:53:04Z	github-actions[bot]	github-actions[bot]	chore: sync deadlines.json
2026-08-25T09:54:19Z	github-actions[bot]	github-actions[bot]	chore: sync deadlines.json
2026-08-25T09:02:56Z	github-actions[bot]	github-actions[bot]	chore: sync deadlines.json
2026-08-25T08:01:42Z	github-actions[bot]	github-actions[bot]	chore: sync deadlines.json
2026-08-25T07:11:37Z	github-actions[bot]	github-actions[bot]	chore: sync deadlines.json
2026-08-25T05:50:13Z	github-actions[bot]	github-actions[bot]	chore: sync deadlines.json
2026-08-25T04:56:57Z	github-actions[bot]	github-actions[bot]	chore: sync deadlines.json
2026-08-25T04:04:27Z	github-actions[bot]	github-actions[bot]	chore: sync deadlines.json
2026-08-25T03:15:16Z	github-actions[bot]	github-actions[bot]	chore: sync deadlines.json
2026-08-25T01:55:12Z	github-actions[bot]	github-actions[bot]	chore: sync deadlines.json
2026-08-24T23:40:21Z	github-actions[bot]	github-actions[bot]	chore: sync deadlines.json
2026-08-24T22:47:12Z	github-actions[bot]	github-actions[bot]	chore: sync deadlines.json
2026-08-24T21:47:07Z	github-actions[bot]	github-actions[bot]	chore: sync deadlines.json
2026-08-24T20:51:14Z	github-actions[bot]	github-actions[bot]	chore: sync deadlines.json
2026-08-24T19:48:21Z	github-actions[bot]	github-actions[bot]	chore: sync deadlines.json
2026-08-24T19:03:22Z	github-actions[bot]	github-actions[bot]	chore: sync deadlines.json
2026-08-24T17:49:40Z	github-actions[bot]	github-actions[bot]	chore: sync deadlines.json
2026-08-24T16:58:05Z	github-actions[bot]	github-actions[bot]	chore: sync deadlines.json
2026-08-24T16:04:53Z	github-actions[bot]	github-actions[bot]	chore: sync deadlines.json
2026-08-24T11:53:02Z	github-actions[bot]	github-actions[bot]	chore: sync deadlines.json
2026-08-24T10:59:46Z	github-actions[bot]	github-actions[bot]	chore: sync deadlines.json
2026-08-24T10:10:39Z	github-actions[bot]	github-actions[bot]	chore: sync deadlines.json
2026-08-24T09:10:37Z	github-actions[bot]	github-actions[bot]	chore: sync deadlines.json
2026-08-24T07:36:14Z	github-actions[bot]	github-actions[bot]	chore: sync deadlines.json
2026-08-24T05:59:17Z	github-actions[bot]	github-actions[bot]	chore: sync deadlines.json
2026-08-24T05:04:52Z	github-actions[bot]	github-actions[bot]	chore: sync deadlines.json
2026-08-24T03:19:01Z	github-actions[bot]	github-actions[bot]	chore: sync deadlines.json
2026-08-24T02:00:00Z	github-actions[bot]	github-actions[bot]	chore: sync deadlines.json
2026-08-23T23:39:09Z	github-actions[bot]	github-actions[bot]	chore: sync deadlines.json
2026-08-23T22:42:09Z	github-actions[bot]	github-actions[bot]	chore: sync deadlines.json
2026-08-23T21:39:56Z	github-actions[bot]	github-actions[bot]	chore: sync deadlines.json
2026-08-23T20:43:02Z	github-actions[bot]	github-actions[bot]	chore: sync deadlines.json
2026-08-23T19:39:08Z	github-actions[bot]	github-actions[bot]	chore: sync deadlines.json
2026-08-23T18:51:12Z	github-actions[bot]	github-actions[bot]	chore: sync deadlines.json
2026-08-23T17:38:56Z	github-actions[bot]	github-actions[bot]	chore: sync deadlines.json
2026-08-23T16:46:45Z	github-actions[bot]	github-actions[bot]	chore: sync deadlines.json
2026-08-23T15:40:56Z	github-actions[bot]	github-actions[bot]	chore: sync deadlines.json
2026-08-23T14:44:18Z	github-actions[bot]	github-actions[bot]	chore: sync deadlines.json
2026-08-23T13:48:12Z	github-actions[bot]	github-actions[bot]	chore: sync deadlines.json
2026-08-23T13:06:08Z	github-actions[bot]	github-actions[bot]	chore: sync deadlines.json
2026-08-23T11:39:53Z	github-actions[bot]	github-actions[bot]	chore: sync deadlines.json
2026-08-23T10:45:09Z	github-actions[bot]	github-actions[bot]	chore: sync deadlines.json
2026-08-23T09:46:19Z	github-actions[bot]	github-actions[bot]	chore: sync deadlines.json
2026-08-23T08:52:02Z	github-actions[bot]	github-actions[bot]	chore: sync deadlines.json
2026-08-23T07:50:13Z	github-actions[bot]	github-actions[bot]	chore: sync deadlines.json
2026-08-23T07:04:59Z	github-actions[bot]	github-actions[bot]	chore: sync deadlines.json
2026-08-23T05:48:39Z	github-actions[bot]	github-actions[bot]	chore: sync deadlines.json
2026-08-23T04:54:38Z	github-actions[bot]	github-actions[bot]	chore: sync deadlines.json
2026-08-23T04:06:55Z	github-actions[bot]	github-actions[bot]	chore: sync deadlines.json
2026-08-23T03:18:12Z	github-actions[bot]	github-actions[bot]	chore: sync deadlines.json
2026-08-23T02:02:07Z	github-actions[bot]	github-actions[bot]	chore: sync deadlines.json
2026-08-22T23:38:28Z	github-actions[bot]	github-actions[bot]	chore: sync deadlines.json
2026-08-22T22:41:51Z	github-actions[bot]	github-actions[bot]	chore: sync deadlines.json
2026-08-22T21:40:43Z	github-actions[bot]	github-actions[bot]	chore: sync deadlines.json
2026-08-22T20:42:59Z	github-actions[bot]	github-actions[bot]	chore: sync deadlines.json
2026-08-22T19:39:56Z	github-actions[bot]	github-actions[bot]	chore: sync deadlines.json
2026-08-22T18:51:50Z	github-actions[bot]	github-actions[bot]	chore: sync deadlines.json
2026-08-22T17:40:12Z	github-actions[bot]	github-actions[bot]	chore: sync deadlines.json
2026-08-22T16:43:55Z	github-actions[bot]	github-actions[bot]	chore: sync deadlines.json
2026-08-22T15:39:24Z	github-actions[bot]	github-actions[bot]	chore: sync deadlines.json
2026-08-22T14:42:08Z	github-actions[bot]	github-actions[bot]	chore: sync deadlines.json
2026-08-22T13:46:52Z	github-actions[bot]	github-actions[bot]	chore: sync deadlines.json
2026-08-22T13:04:03Z	github-actions[bot]	github-actions[bot]	chore: sync deadlines.json
2026-08-22T11:39:16Z	github-actions[bot]	github-actions[bot]	chore: sync deadlines.json
2026-08-22T10:43:35Z	github-actions[bot]	github-actions[bot]	chore: sync deadlines.json
2026-08-22T09:46:38Z	github-actions[bot]	github-actions[bot]	chore: sync deadlines.json
2026-08-22T08:50:49Z	github-actions[bot]	github-actions[bot]	chore: sync deadlines.json
2026-08-22T07:49:13Z	github-actions[bot]	github-actions[bot]	chore: sync deadlines.json
2026-08-22T07:03:04Z	github-actions[bot]	github-actions[bot]	chore: sync deadlines.json
2026-08-22T05:45:48Z	github-actions[bot]	github-actions[bot]	chore: sync deadlines.json
2026-08-22T04:52:47Z	github-actions[bot]	github-actions[bot]	chore: sync deadlines.json
2026-08-22T03:59:36Z	github-actions[bot]	github-actions[bot]	chore: sync deadlines.json
2026-08-22T03:10:11Z	github-actions[bot]	github-actions[bot]	chore: sync deadlines.json
2026-08-22T01:53:24Z	github-actions[bot]	github-actions[bot]	chore: sync deadlines.json
2026-08-21T23:42:25Z	github-actions[bot]	github-actions[bot]	chore: sync deadlines.json
2026-08-21T22:44:52Z	github-actions[bot]	github-actions[bot]	chore: sync deadlines.json
2026-08-21T21:43:00Z	github-actions[bot]	github-actions[bot]	chore: sync deadlines.json
2026-08-21T20:44:26Z	github-actions[bot]	github-actions[bot]	chore: sync deadlines.json
2026-08-21T19:41:35Z	github-actions[bot]	github-actions[bot]	chore: sync deadlines.json
2026-08-21T19:00:06Z	github-actions[bot]	github-actions[bot]	chore: sync deadlines.json
2026-08-21T17:49:17Z	github-actions[bot]	github-actions[bot]	chore: sync deadlines.json
2026-08-21T16:55:01Z	github-actions[bot]	github-actions[bot]	chore: sync deadlines.json
2026-08-21T15:51:04Z	github-actions[bot]	github-actions[bot]	chore: sync deadlines.json
2026-08-21T14:56:32Z	github-actions[bot]	github-actions[bot]	chore: sync deadlines.json
2026-08-21T14:01:49Z	github-actions[bot]	github-actions[bot]	chore: sync deadlines.json
2026-08-21T13:13:57Z	github-actions[bot]	github-actions[bot]	chore: sync deadlines.json
2026-08-21T11:45:42Z	github-actions[bot]	github-actions[bot]	chore: sync deadlines.json
2026-08-21T11:00:44Z	github-actions[bot]	github-actions[bot]	chore: update notifications-sent.json
2026-08-21T10:51:00Z	github-actions[bot]	github-actions[bot]	chore: sync deadlines.json
2026-08-21T09:55:23Z	github-actions[bot]	github-actions[bot]	chore: sync deadlines.json
2026-08-21T09:01:42Z	github-actions[bot]	github-actions[bot]	chore: sync deadlines.json
2026-08-21T08:00:42Z	github-actions[bot]	github-actions[bot]	chore: sync deadlines.json
2026-08-21T07:10:48Z	github-actions[bot]	github-actions[bot]	chore: sync deadlines.json
2026-08-21T05:51:27Z	github-actions[bot]	github-actions[bot]	chore: sync deadlines.json
2026-08-21T04:58:01Z	github-actions[bot]	github-actions[bot]	chore: sync deadlines.json
2026-08-21T03:18:48Z	github-actions[bot]	github-actions[bot]	chore: sync deadlines.json
2026-08-21T02:00:16Z	github-actions[bot]	github-actions[bot]	chore: sync deadlines.json
2026-08-20T23:43:40Z	github-actions[bot]	github-actions[bot]	chore: sync deadlines.json
2026-08-20T22:47:55Z	github-actions[bot]	github-actions[bot]	chore: sync deadlines.json
2026-08-20T21:46:39Z	github-actions[bot]	github-actions[bot]	chore: sync deadlines.json
2026-08-20T20:49:23Z	github-actions[bot]	github-actions[bot]	chore: sync deadlines.json
2026-08-20T19:49:34Z	github-actions[bot]	github-actions[bot]	chore: sync deadlines.json
2026-08-20T19:03:40Z	github-actions[bot]	github-actions[bot]	chore: sync deadlines.json
2026-08-20T17:49:12Z	github-actions[bot]	github-actions[bot]	chore: sync deadlines.json
2026-08-20T16:54:42Z	github-actions[bot]	github-actions[bot]	chore: sync deadlines.json
2026-08-20T15:51:24Z	github-actions[bot]	github-actions[bot]	chore: sync deadlines.json
2026-08-20T14:58:09Z	github-actions[bot]	github-actions[bot]	chore: sync deadlines.json
2026-08-20T14:03:31Z	github-actions[bot]	github-actions[bot]	chore: sync deadlines.json
2026-08-20T13:14:17Z	github-actions[bot]	github-actions[bot]	chore: sync deadlines.json
2026-08-20T11:46:28Z	github-actions[bot]	github-actions[bot]	chore: sync deadlines.json
2026-08-20T11:00:53Z	github-actions[bot]	github-actions[bot]	chore: update notifications-sent.json
2026-08-20T10:51:10Z	github-actions[bot]	github-actions[bot]	chore: sync deadlines.json
2026-08-20T09:53:53Z	github-actions[bot]	github-actions[bot]	chore: sync deadlines.json
2026-08-20T08:59:01Z	github-actions[bot]	github-actions[bot]	chore: sync deadlines.json
2026-08-20T07:59:41Z	github-actions[bot]	github-actions[bot]	chore: sync deadlines.json
2026-08-20T07:09:42Z	github-actions[bot]	github-actions[bot]	chore: sync deadlines.json
2026-08-20T05:49:39Z	github-actions[bot]	github-actions[bot]	chore: sync deadlines.json
2026-08-20T04:56:36Z	github-actions[bot]	github-actions[bot]	chore: sync deadlines.json
2026-08-20T04:02:23Z	github-actions[bot]	github-actions[bot]	chore: sync deadlines.json
2026-08-20T03:12:33Z	github-actions[bot]	github-actions[bot]	chore: sync deadlines.json
2026-08-20T01:54:25Z	github-actions[bot]	github-actions[bot]	chore: sync deadlines.json
2026-08-19T23:41:05Z	github-actions[bot]	github-actions[bot]	chore: sync deadlines.json
2026-08-19T22:45:00Z	github-actions[bot]	github-actions[bot]	chore: sync deadlines.json
2026-08-19T21:43:55Z	github-actions[bot]	github-actions[bot]	chore: sync deadlines.json
2026-08-19T20:48:14Z	github-actions[bot]	github-actions[bot]	chore: sync deadlines.json
2026-08-19T19:43:48Z	github-actions[bot]	github-actions[bot]	chore: sync deadlines.json
2026-08-19T18:56:33Z	github-actions[bot]	github-actions[bot]	chore: sync deadlines.json
2026-08-19T17:44:01Z	github-actions[bot]	github-actions[bot]	chore: sync deadlines.json
2026-08-19T16:50:24Z	github-actions[bot]	github-actions[bot]	chore: sync deadlines.json
2026-08-19T15:49:28Z	github-actions[bot]	github-actions[bot]	chore: sync deadlines.json
2026-08-19T14:55:20Z	github-actions[bot]	github-actions[bot]	chore: sync deadlines.json
2026-08-19T14:00:22Z	github-actions[bot]	github-actions[bot]	chore: sync deadlines.json
2026-08-19T13:13:43Z	github-actions[bot]	github-actions[bot]	chore: sync deadlines.json
2026-08-19T11:43:50Z	github-actions[bot]	github-actions[bot]	chore: sync deadlines.json
2026-08-19T10:49:24Z	github-actions[bot]	github-actions[bot]	chore: sync deadlines.json
2026-08-19T09:53:40Z	github-actions[bot]	github-actions[bot]	chore: sync deadlines.json
2026-08-19T08:57:38Z	github-actions[bot]	github-actions[bot]	chore: sync deadlines.json
2026-08-19T07:56:52Z	github-actions[bot]	github-actions[bot]	chore: sync deadlines.json
2026-08-19T07:08:36Z	github-actions[bot]	github-actions[bot]	chore: sync deadlines.json
2026-08-19T05:49:07Z	github-actions[bot]	github-actions[bot]	chore: sync deadlines.json
2026-08-19T04:55:02Z	github-actions[bot]	github-actions[bot]	chore: sync deadlines.json
2026-08-19T04:02:38Z	github-actions[bot]	github-actions[bot]	chore: sync deadlines.json
2026-08-19T03:13:03Z	github-actions[bot]	github-actions[bot]	chore: sync deadlines.json
2026-08-19T01:55:32Z	github-actions[bot]	github-actions[bot]	chore: sync deadlines.json
2026-08-18T23:40:43Z	github-actions[bot]	github-actions[bot]	chore: sync deadlines.json
2026-08-18T22:44:27Z	github-actions[bot]	github-actions[bot]	chore: sync deadlines.json
2026-08-18T21:41:58Z	github-actions[bot]	github-actions[bot]	chore: sync deadlines.json
2026-08-18T20:43:04Z	github-actions[bot]	github-actions[bot]	chore: sync deadlines.json
2026-08-18T19:42:53Z	github-actions[bot]	github-actions[bot]	chore: sync deadlines.json
2026-08-18T19:01:35Z	github-actions[bot]	github-actions[bot]	chore: sync deadlines.json
2026-08-18T17:47:59Z	github-actions[bot]	github-actions[bot]	chore: sync deadlines.json
2026-08-18T16:51:18Z	github-actions[bot]	github-actions[bot]	chore: sync deadlines.json
2026-08-18T15:49:25Z	github-actions[bot]	github-actions[bot]	chore: sync deadlines.json
2026-08-18T14:55:16Z	github-actions[bot]	github-actions[bot]	chore: sync deadlines.json
2026-08-18T13:59:45Z	github-actions[bot]	github-actions[bot]	chore: sync deadlines.json
2026-08-18T13:11:33Z	github-actions[bot]	github-actions[bot]	chore: sync deadlines.json
2026-08-18T11:44:24Z	github-actions[bot]	github-actions[bot]	chore: sync deadlines.json
2026-08-18T10:49:33Z	github-actions[bot]	github-actions[bot]	chore: sync deadlines.json
2026-08-18T09:52:14Z	github-actions[bot]	github-actions[bot]	chore: sync deadlines.json
2026-08-18T08:55:44Z	github-actions[bot]	github-actions[bot]	chore: sync deadlines.json
2026-08-18T07:57:19Z	github-actions[bot]	github-actions[bot]	chore: sync deadlines.json
2026-08-18T07:08:23Z	github-actions[bot]	github-actions[bot]	chore: sync deadlines.json
2026-08-18T05:48:08Z	github-actions[bot]	github-actions[bot]	chore: sync deadlines.json
2026-08-18T04:55:03Z	github-actions[bot]	github-actions[bot]	chore: sync deadlines.json
2026-08-18T04:01:31Z	github-actions[bot]	github-actions[bot]	chore: sync deadlines.json
2026-08-18T03:10:58Z	github-actions[bot]	github-actions[bot]	chore: sync deadlines.json
2026-08-18T01:53:28Z	github-actions[bot]	github-actions[bot]	chore: sync deadlines.json
2026-08-17T23:41:15Z	github-actions[bot]	github-actions[bot]	chore: sync deadlines.json
2026-08-17T22:44:34Z	github-actions[bot]	github-actions[bot]	chore: sync deadlines.json
2026-08-17T21:44:02Z	github-actions[bot]	github-actions[bot]	chore: sync deadlines.json
2026-08-17T20:46:47Z	github-actions[bot]	github-actions[bot]	chore: sync deadlines.json
2026-08-17T19:45:09Z	github-actions[bot]	github-actions[bot]	chore: sync deadlines.json
2026-08-17T19:12:37Z	github-actions[bot]	github-actions[bot]	chore: update notifications-sent.json
2026-08-17T19:01:04Z	github-actions[bot]	github-actions[bot]	chore: sync deadlines.json
2026-08-17T17:49:42Z	github-actions[bot]	github-actions[bot]	chore: sync deadlines.json
2026-08-17T15:44:34Z	github-actions[bot]	github-actions[bot]	chore: sync deadlines.json
2026-08-17T14:48:22Z	github-actions[bot]	github-actions[bot]	chore: sync deadlines.json
2026-08-17T13:56:09Z	github-actions[bot]	github-actions[bot]	chore: sync deadlines.json
2026-08-17T13:09:43Z	github-actions[bot]	github-actions[bot]	chore: sync deadlines.json
2026-08-17T11:44:24Z	github-actions[bot]	github-actions[bot]	chore: sync deadlines.json
2026-08-17T10:50:58Z	github-actions[bot]	github-actions[bot]	chore: sync deadlines.json
2026-08-17T10:00:34Z	github-actions[bot]	github-actions[bot]	chore: sync deadlines.json
2026-08-17T09:21:31Z	github-actions[bot]	github-actions[bot]	chore: update notifications-sent.json
2026-08-17T09:08:31Z	github-actions[bot]	github-actions[bot]	chore: sync deadlines.json
2026-08-17T07:21:54Z	github-actions[bot]	github-actions[bot]	chore: sync deadlines.json
2026-08-17T05:54:20Z	github-actions[bot]	github-actions[bot]	chore: sync deadlines.json
2026-08-17T05:00:55Z	github-actions[bot]	github-actions[bot]	chore: sync deadlines.json
2026-08-17T04:07:45Z	github-actions[bot]	github-actions[bot]	chore: sync deadlines.json
2026-08-17T03:14:59Z	github-actions[bot]	github-actions[bot]	chore: sync deadlines.json
2026-08-17T01:57:28Z	github-actions[bot]	github-actions[bot]	chore: sync deadlines.json
2026-08-16T23:36:58Z	github-actions[bot]	github-actions[bot]	chore: sync deadlines.json
2026-08-16T22:40:23Z	github-actions[bot]	github-actions[bot]	chore: sync deadlines.json
2026-08-16T21:37:18Z	github-actions[bot]	github-actions[bot]	chore: sync deadlines.json
2026-08-16T20:41:34Z	github-actions[bot]	github-actions[bot]	chore: sync deadlines.json
2026-08-16T19:37:15Z	github-actions[bot]	github-actions[bot]	chore: sync deadlines.json
2026-08-16T18:59:27Z	github-actions[bot]	github-actions[bot]	chore: update notifications-sent.json
2026-08-16T18:49:39Z	github-actions[bot]	github-actions[bot]	chore: sync deadlines.json
2026-08-16T17:37:36Z	github-actions[bot]	github-actions[bot]	chore: sync deadlines.json
2026-08-16T16:44:48Z	github-actions[bot]	github-actions[bot]	chore: sync deadlines.json
2026-08-16T15:41:36Z	github-actions[bot]	github-actions[bot]	chore: sync deadlines.json
2026-08-16T14:42:44Z	github-actions[bot]	github-actions[bot]	chore: sync deadlines.json
2026-08-16T13:47:14Z	github-actions[bot]	github-actions[bot]	chore: sync deadlines.json
2026-08-16T13:04:12Z	github-actions[bot]	github-actions[bot]	chore: sync deadlines.json
2026-08-16T11:38:09Z	github-actions[bot]	github-actions[bot]	chore: sync deadlines.json
2026-08-16T10:43:24Z	github-actions[bot]	github-actions[bot]	chore: sync deadlines.json
2026-08-16T09:45:23Z	github-actions[bot]	github-actions[bot]	chore: sync deadlines.json
2026-08-16T08:50:03Z	github-actions[bot]	github-actions[bot]	chore: sync deadlines.json
2026-08-16T07:48:17Z	github-actions[bot]	github-actions[bot]	chore: sync deadlines.json
2026-08-16T07:07:28Z	github-actions[bot]	github-actions[bot]	chore: sync deadlines.json
2026-08-16T05:47:13Z	github-actions[bot]	github-actions[bot]	chore: sync deadlines.json
2026-08-16T04:52:13Z	github-actions[bot]	github-actions[bot]	chore: sync deadlines.json
2026-08-16T04:03:50Z	github-actions[bot]	github-actions[bot]	chore: sync deadlines.json
2026-08-16T03:15:35Z	github-actions[bot]	github-actions[bot]	chore: sync deadlines.json
2026-08-16T01:59:22Z	github-actions[bot]	github-actions[bot]	chore: sync deadlines.json
2026-08-15T23:38:00Z	github-actions[bot]	github-actions[bot]	chore: sync deadlines.json
2026-08-15T22:41:24Z	github-actions[bot]	github-actions[bot]	chore: sync deadlines.json
2026-08-15T21:38:38Z	github-actions[bot]	github-actions[bot]	chore: sync deadlines.json
2026-08-15T20:42:20Z	github-actions[bot]	github-actions[bot]	chore: sync deadlines.json
2026-08-15T19:37:55Z	github-actions[bot]	github-actions[bot]	chore: sync deadlines.json
2026-08-15T18:50:41Z	github-actions[bot]	github-actions[bot]	chore: sync deadlines.json
2026-08-15T17:39:19Z	github-actions[bot]	github-actions[bot]	chore: sync deadlines.json
2026-08-15T16:44:18Z	github-actions[bot]	github-actions[bot]	chore: sync deadlines.json
2026-08-15T15:39:36Z	github-actions[bot]	github-actions[bot]	chore: sync deadlines.json
2026-08-15T14:42:24Z	github-actions[bot]	github-actions[bot]	chore: sync deadlines.json
2026-08-15T13:45:57Z	github-actions[bot]	github-actions[bot]	chore: sync deadlines.json
2026-08-15T13:01:51Z	github-actions[bot]	github-actions[bot]	chore: sync deadlines.json
2026-08-15T11:38:33Z	github-actions[bot]	github-actions[bot]	chore: sync deadlines.json
2026-08-15T10:42:32Z	github-actions[bot]	github-actions[bot]	chore: sync deadlines.json
2026-08-15T09:44:02Z	github-actions[bot]	github-actions[bot]	chore: sync deadlines.json
2026-08-15T08:48:10Z	github-actions[bot]	github-actions[bot]	chore: sync deadlines.json
2026-08-15T07:46:18Z	github-actions[bot]	github-actions[bot]	chore: sync deadlines.json
2026-08-15T07:03:42Z	github-actions[bot]	github-actions[bot]	chore: sync deadlines.json
2026-08-15T05:45:29Z	github-actions[bot]	github-actions[bot]	chore: sync deadlines.json
2026-08-15T04:50:07Z	github-actions[bot]	github-actions[bot]	chore: sync deadlines.json
2026-08-15T03:57:10Z	github-actions[bot]	github-actions[bot]	chore: sync deadlines.json
2026-08-15T03:07:54Z	github-actions[bot]	github-actions[bot]	chore: sync deadlines.json
2026-08-15T01:52:32Z	github-actions[bot]	github-actions[bot]	chore: sync deadlines.json
2026-08-14T23:41:13Z	github-actions[bot]	github-actions[bot]	chore: sync deadlines.json
2026-08-14T22:43:40Z	github-actions[bot]	github-actions[bot]	chore: sync deadlines.json
2026-08-14T21:43:47Z	github-actions[bot]	github-actions[bot]	chore: sync deadlines.json
2026-08-14T20:48:58Z	github-actions[bot]	github-actions[bot]	chore: sync deadlines.json
2026-08-14T20:00:23Z	github-actions[bot]	github-actions[bot]	chore: sync deadlines.json
2026-08-14T19:17:11Z	github-actions[bot]	github-actions[bot]	chore: sync deadlines.json
2026-08-14T18:09:48Z	github-actions[bot]	github-actions[bot]	chore: sync deadlines.json
2026-08-14T17:14:46Z	github-actions[bot]	github-actions[bot]	chore: sync deadlines.json
2026-08-14T16:07:59Z	github-actions[bot]	github-actions[bot]	chore: sync deadlines.json
2026-08-14T15:09:46Z	github-actions[bot]	github-actions[bot]	chore: sync deadlines.json
2026-08-14T13:47:30Z	github-actions[bot]	github-actions[bot]	chore: sync deadlines.json
2026-08-14T13:00:06Z	tahcin	tahcin	fix: show block title on project rows so same-course deadlines are distinguishable
2026-08-14T12:00:04Z	github-actions[bot]	github-actions[bot]	chore: sync deadlines.json
2026-08-14T10:20:00Z	github-actions[bot]	github-actions[bot]	chore: sync deadlines.json
2026-08-14T09:39:13Z	github-actions[bot]	github-actions[bot]	chore: update notifications-sent.json
2026-08-14T08:39:57Z	github-actions[bot]	github-actions[bot]	chore: sync deadlines.json
2026-08-14T07:59:27Z	github-actions[bot]	github-actions[bot]	chore: update notifications-sent.json
2026-08-14T06:47:50Z	github-actions[bot]	github-actions[bot]	chore: sync deadlines.json
2026-08-14T05:08:17Z	github-actions[bot]	github-actions[bot]	chore: sync deadlines.json
2026-08-14T02:49:18Z	github-actions[bot]	github-actions[bot]	chore: sync deadlines.json
2026-08-14T00:01:54Z	github-actions[bot]	github-actions[bot]	chore: sync deadlines.json
2026-08-13T23:05:32Z	github-actions[bot]	github-actions[bot]	chore: sync deadlines.json
2026-08-13T22:05:49Z	github-actions[bot]	github-actions[bot]	chore: sync deadlines.json
2026-08-13T21:06:17Z	github-actions[bot]	github-actions[bot]	chore: sync deadlines.json
2026-08-13T19:28:37Z	github-actions[bot]	github-actions[bot]	chore: sync deadlines.json
2026-08-13T18:12:20Z	github-actions[bot]	github-actions[bot]	chore: sync deadlines.json
2026-08-13T17:16:32Z	github-actions[bot]	github-actions[bot]	chore: sync deadlines.json
2026-08-13T15:18:14Z	github-actions[bot]	github-actions[bot]	chore: sync deadlines.json
2026-08-13T13:52:13Z	github-actions[bot]	github-actions[bot]	chore: sync deadlines.json
2026-08-13T12:03:08Z	github-actions[bot]	github-actions[bot]	chore: sync deadlines.json
2026-08-13T10:31:06Z	github-actions[bot]	github-actions[bot]	chore: sync deadlines.json
2026-08-13T08:46:17Z	github-actions[bot]	github-actions[bot]	chore: sync deadlines.json
2026-08-13T06:49:54Z	github-actions[bot]	github-actions[bot]	chore: sync deadlines.json
2026-08-13T05:13:08Z	github-actions[bot]	github-actions[bot]	chore: sync deadlines.json
2026-08-13T03:02:10Z	github-actions[bot]	github-actions[bot]	chore: sync deadlines.json
2026-08-13T00:00:53Z	github-actions[bot]	github-actions[bot]	chore: sync deadlines.json
2026-08-12T23:04:11Z	github-actions[bot]	github-actions[bot]	chore: sync deadlines.json
2026-08-12T22:06:13Z	github-actions[bot]	github-actions[bot]	chore: sync deadlines.json
2026-08-12T21:07:05Z	github-actions[bot]	github-actions[bot]	chore: sync deadlines.json
2026-08-12T19:30:06Z	github-actions[bot]	github-actions[bot]	chore: sync deadlines.json
2026-08-12T18:11:53Z	github-actions[bot]	github-actions[bot]	chore: sync deadlines.json
2026-08-12T17:36:12Z	github-actions[bot]	github-actions[bot]	chore: update notifications-sent.json
2026-08-12T17:16:47Z	github-actions[bot]	github-actions[bot]	chore: sync deadlines.json
2026-08-12T16:14:38Z	github-actions[bot]	github-actions[bot]	chore: sync deadlines.json
2026-08-12T15:32:33Z	github-actions[bot]	github-actions[bot]	chore: update notifications-sent.json
2026-08-12T15:17:42Z	github-actions[bot]	github-actions[bot]	chore: sync deadlines.json
2026-08-12T13:51:35Z	github-actions[bot]	github-actions[bot]	chore: sync deadlines.json
2026-08-12T12:02:39Z	github-actions[bot]	github-actions[bot]	chore: sync deadlines.json
2026-08-12T10:29:25Z	github-actions[bot]	github-actions[bot]	chore: sync deadlines.json
2026-08-12T08:41:28Z	github-actions[bot]	github-actions[bot]	chore: sync deadlines.json
2026-08-12T06:45:31Z	github-actions[bot]	github-actions[bot]	chore: sync deadlines.json
2026-08-12T05:09:43Z	github-actions[bot]	github-actions[bot]	chore: sync deadlines.json
2026-08-12T02:47:50Z	github-actions[bot]	github-actions[bot]	chore: sync deadlines.json
2026-08-12T00:02:24Z	github-actions[bot]	github-actions[bot]	chore: sync deadlines.json
2026-08-11T23:06:25Z	github-actions[bot]	github-actions[bot]	chore: sync deadlines.json
2026-08-11T22:07:46Z	github-actions[bot]	github-actions[bot]	chore: sync deadlines.json
2026-08-11T21:07:06Z	github-actions[bot]	github-actions[bot]	chore: sync deadlines.json
2026-08-11T19:28:32Z	github-actions[bot]	github-actions[bot]	chore: sync deadlines.json
2026-08-11T18:10:54Z	github-actions[bot]	github-actions[bot]	chore: sync deadlines.json
2026-08-11T17:15:39Z	github-actions[bot]	github-actions[bot]	chore: sync deadlines.json
2026-08-11T15:18:26Z	github-actions[bot]	github-actions[bot]	chore: sync deadlines.json
2026-08-11T13:46:21Z	github-actions[bot]	github-actions[bot]	chore: sync deadlines.json
2026-08-11T12:00:21Z	github-actions[bot]	github-actions[bot]	chore: sync deadlines.json
2026-08-11T11:09:49Z	github-actions[bot]	github-actions[bot]	chore: sync deadlines.json
2026-08-11T10:15:33Z	github-actions[bot]	github-actions[bot]	chore: sync deadlines.json
2026-08-11T09:16:54Z	github-actions[bot]	github-actions[bot]	chore: sync deadlines.json
2026-08-11T07:41:13Z	github-actions[bot]	github-actions[bot]	chore: sync deadlines.json
2026-08-11T06:07:48Z	github-actions[bot]	github-actions[bot]	chore: sync deadlines.json
2026-08-11T04:45:13Z	github-actions[bot]	github-actions[bot]	chore: sync deadlines.json
2026-08-11T02:30:36Z	github-actions[bot]	github-actions[bot]	chore: sync deadlines.json
2026-08-10T23:53:06Z	github-actions[bot]	github-actions[bot]	chore: sync deadlines.json
2026-08-10T22:59:06Z	github-actions[bot]	github-actions[bot]	chore: sync deadlines.json
2026-08-10T22:01:20Z	github-actions[bot]	github-actions[bot]	chore: sync deadlines.json
2026-08-10T21:04:33Z	github-actions[bot]	github-actions[bot]	chore: sync deadlines.json
2026-08-10T19:20:06Z	github-actions[bot]	github-actions[bot]	chore: sync deadlines.json
2026-08-10T18:06:12Z	github-actions[bot]	github-actions[bot]	chore: sync deadlines.json
2026-08-10T17:11:50Z	github-actions[bot]	github-actions[bot]	chore: sync deadlines.json
2026-08-10T15:19:00Z	github-actions[bot]	github-actions[bot]	chore: sync deadlines.json
2026-08-10T13:48:28Z	github-actions[bot]	github-actions[bot]	chore: sync deadlines.json
2026-08-10T12:02:52Z	github-actions[bot]	github-actions[bot]	chore: sync deadlines.json
2026-08-10T10:38:51Z	github-actions[bot]	github-actions[bot]	chore: sync deadlines.json
2026-08-10T08:53:27Z	github-actions[bot]	github-actions[bot]	chore: sync deadlines.json
2026-08-10T06:44:36Z	github-actions[bot]	github-actions[bot]	chore: sync deadlines.json
2026-08-10T04:57:32Z	github-actions[bot]	github-actions[bot]	chore: sync deadlines.json
2026-08-10T02:40:02Z	github-actions[bot]	github-actions[bot]	chore: sync deadlines.json
2026-08-09T23:50:19Z	github-actions[bot]	github-actions[bot]	chore: sync deadlines.json
2026-08-09T22:52:59Z	github-actions[bot]	github-actions[bot]	chore: sync deadlines.json
2026-08-09T21:50:41Z	github-actions[bot]	github-actions[bot]	chore: sync deadlines.json
2026-08-09T20:54:29Z	github-actions[bot]	github-actions[bot]	chore: sync deadlines.json
2026-08-09T19:50:59Z	github-actions[bot]	github-actions[bot]	chore: sync deadlines.json
2026-08-09T19:04:38Z	github-actions[bot]	github-actions[bot]	chore: sync deadlines.json
2026-08-09T17:50:48Z	github-actions[bot]	github-actions[bot]	chore: sync deadlines.json
2026-08-09T16:57:58Z	github-actions[bot]	github-actions[bot]	chore: sync deadlines.json
2026-08-09T15:50:20Z	github-actions[bot]	github-actions[bot]	chore: sync deadlines.json
2026-08-09T14:55:58Z	github-actions[bot]	github-actions[bot]	chore: sync deadlines.json
2026-08-09T13:19:09Z	github-actions[bot]	github-actions[bot]	chore: sync deadlines.json
2026-08-09T11:48:35Z	github-actions[bot]	github-actions[bot]	chore: sync deadlines.json
2026-08-09T10:56:11Z	github-actions[bot]	github-actions[bot]	chore: sync deadlines.json
2026-08-09T09:59:54Z	github-actions[bot]	github-actions[bot]	chore: sync deadlines.json
2026-08-09T09:05:32Z	github-actions[bot]	github-actions[bot]	chore: sync deadlines.json
2026-08-09T07:26:24Z	github-actions[bot]	github-actions[bot]	chore: sync deadlines.json
2026-08-09T06:01:43Z	github-actions[bot]	github-actions[bot]	chore: sync deadlines.json
2026-08-09T04:40:06Z	github-actions[bot]	github-actions[bot]	chore: sync deadlines.json
2026-08-09T02:34:06Z	github-actions[bot]	github-actions[bot]	chore: sync deadlines.json
2026-08-08T23:47:57Z	github-actions[bot]	github-actions[bot]	chore: sync deadlines.json
2026-08-08T22:50:14Z	github-actions[bot]	github-actions[bot]	chore: sync deadlines.json
2026-08-08T21:48:56Z	github-actions[bot]	github-actions[bot]	chore: sync deadlines.json
2026-08-08T20:51:20Z	github-actions[bot]	github-actions[bot]	chore: sync deadlines.json
2026-08-08T19:47:11Z	github-actions[bot]	github-actions[bot]	chore: sync deadlines.json
2026-08-08T19:02:03Z	github-actions[bot]	github-actions[bot]	chore: sync deadlines.json
2026-08-08T17:48:56Z	github-actions[bot]	github-actions[bot]	chore: sync deadlines.json
2026-08-08T16:55:57Z	github-actions[bot]	github-actions[bot]	chore: sync deadlines.json
2026-08-08T15:49:12Z	github-actions[bot]	github-actions[bot]	chore: sync deadlines.json
2026-08-08T14:52:03Z	github-actions[bot]	github-actions[bot]	chore: sync deadlines.json
2026-08-08T14:01:08Z	github-actions[bot]	github-actions[bot]	chore: sync deadlines.json
2026-08-08T13:15:22Z	github-actions[bot]	github-actions[bot]	chore: sync deadlines.json
2026-08-08T11:47:27Z	github-actions[bot]	github-actions[bot]	chore: sync deadlines.json
2026-08-08T10:54:08Z	github-actions[bot]	github-actions[bot]	chore: sync deadlines.json
2026-08-08T09:57:30Z	github-actions[bot]	github-actions[bot]	chore: sync deadlines.json
2026-08-08T09:04:02Z	github-actions[bot]	github-actions[bot]	chore: sync deadlines.json
2026-08-08T07:18:39Z	github-actions[bot]	github-actions[bot]	chore: sync deadlines.json
2026-08-08T06:00:08Z	github-actions[bot]	github-actions[bot]	chore: sync deadlines.json
2026-08-08T04:31:26Z	github-actions[bot]	github-actions[bot]	chore: sync deadlines.json
2026-08-08T02:31:15Z	github-actions[bot]	github-actions[bot]	chore: sync deadlines.json
2026-08-08T02:29:05Z	github-actions[bot]	github-actions[bot]	chore: sync deadlines.json
2026-08-07T23:50:33Z	github-actions[bot]	github-actions[bot]	chore: sync deadlines.json
2026-08-07T22:57:22Z	github-actions[bot]	github-actions[bot]	chore: sync deadlines.json
2026-08-07T21:58:24Z	github-actions[bot]	github-actions[bot]	chore: sync deadlines.json
2026-08-07T21:02:54Z	github-actions[bot]	github-actions[bot]	chore: sync deadlines.json
2026-08-07T19:18:59Z	github-actions[bot]	github-actions[bot]	chore: sync deadlines.json
2026-08-07T18:05:32Z	github-actions[bot]	github-actions[bot]	chore: sync deadlines.json
2026-08-07T17:11:59Z	github-actions[bot]	github-actions[bot]	chore: sync deadlines.json
2026-08-07T16:11:19Z	github-actions[bot]	github-actions[bot]	chore: sync deadlines.json
2026-08-07T15:12:09Z	github-actions[bot]	github-actions[bot]	chore: sync deadlines.json
2026-08-07T13:55:27Z	github-actions[bot]	github-actions[bot]	chore: update notifications-sent.json
2026-08-07T13:42:14Z	github-actions[bot]	github-actions[bot]	chore: sync deadlines.json
2026-08-07T12:00:26Z	github-actions[bot]	github-actions[bot]	chore: sync deadlines.json
2026-08-07T11:13:03Z	github-actions[bot]	github-actions[bot]	chore: sync deadlines.json
2026-08-07T10:16:53Z	github-actions[bot]	github-actions[bot]	chore: sync deadlines.json
2026-08-07T09:17:45Z	github-actions[bot]	github-actions[bot]	chore: sync deadlines.json
2026-08-07T07:45:49Z	github-actions[bot]	github-actions[bot]	chore: sync deadlines.json
2026-08-07T05:53:14Z	github-actions[bot]	github-actions[bot]	chore: sync deadlines.json
2026-08-07T04:04:38Z	github-actions[bot]	github-actions[bot]	chore: sync deadlines.json
2026-08-07T00:20:02Z	github-actions[bot]	github-actions[bot]	chore: sync deadlines.json
2026-08-06T15:31:11Z	github-actions[bot]	github-actions[bot]	chore: sync deadlines.json
2026-08-06T12:21:49Z	github-actions[bot]	github-actions[bot]	chore: sync deadlines.json
2026-08-06T10:02:32Z	github-actions[bot]	github-actions[bot]	chore: sync deadlines.json
2026-08-06T06:49:13Z	github-actions[bot]	github-actions[bot]	chore: sync deadlines.json
2026-08-06T03:43:21Z	github-actions[bot]	github-actions[bot]	chore: sync deadlines.json
2026-08-05T23:22:45Z	github-actions[bot]	github-actions[bot]	chore: sync deadlines.json
2026-08-05T21:36:13Z	github-actions[bot]	github-actions[bot]	chore: sync deadlines.json
2026-08-05T19:58:06Z	github-actions[bot]	github-actions[bot]	chore: sync deadlines.json
2026-08-05T18:08:13Z	github-actions[bot]	github-actions[bot]	chore: update notifications-sent.json
2026-08-05T17:56:24Z	github-actions[bot]	github-actions[bot]	chore: sync deadlines.json
2026-08-05T15:48:51Z	github-actions[bot]	github-actions[bot]	chore: update notifications-sent.json
2026-08-05T15:31:39Z	github-actions[bot]	github-actions[bot]	chore: sync deadlines.json
2026-08-05T12:19:41Z	github-actions[bot]	github-actions[bot]	chore: sync deadlines.json
2026-08-05T09:59:18Z	github-actions[bot]	github-actions[bot]	chore: sync deadlines.json
2026-08-05T06:45:22Z	github-actions[bot]	github-actions[bot]	chore: sync deadlines.json
2026-08-05T03:37:57Z	github-actions[bot]	github-actions[bot]	chore: sync deadlines.json
2026-08-04T23:27:56Z	github-actions[bot]	github-actions[bot]	chore: sync deadlines.json
2026-08-04T21:41:29Z	github-actions[bot]	github-actions[bot]	chore: sync deadlines.json
2026-08-04T20:00:05Z	github-actions[bot]	github-actions[bot]	chore: sync deadlines.json
2026-08-04T18:06:44Z	github-actions[bot]	github-actions[bot]	chore: sync deadlines.json
2026-08-04T15:39:13Z	github-actions[bot]	github-actions[bot]	chore: sync deadlines.json
2026-08-04T12:21:35Z	github-actions[bot]	github-actions[bot]	chore: sync deadlines.json
2026-08-04T10:01:27Z	github-actions[bot]	github-actions[bot]	chore: sync deadlines.json
2026-08-04T06:43:53Z	github-actions[bot]	github-actions[bot]	chore: sync deadlines.json
2026-08-04T03:42:13Z	github-actions[bot]	github-actions[bot]	chore: sync deadlines.json
2026-08-03T23:29:09Z	github-actions[bot]	github-actions[bot]	chore: sync deadlines.json
2026-08-03T21:34:38Z	github-actions[bot]	github-actions[bot]	chore: sync deadlines.json
2026-08-03T20:01:22Z	github-actions[bot]	github-actions[bot]	chore: sync deadlines.json
2026-08-03T18:11:34Z	github-actions[bot]	github-actions[bot]	chore: sync deadlines.json
2026-08-03T15:20:24Z	github-actions[bot]	github-actions[bot]	chore: sync deadlines.json
2026-08-03T11:59:44Z	github-actions[bot]	github-actions[bot]	chore: update notifications-sent.json
2026-08-03T11:48:45Z	github-actions[bot]	github-actions[bot]	chore: sync deadlines.json
2026-08-03T07:50:51Z	github-actions[bot]	github-actions[bot]	chore: sync deadlines.json
2026-08-03T04:03:19Z	github-actions[bot]	github-actions[bot]	chore: sync deadlines.json
2026-08-03T00:17:13Z	github-actions[bot]	github-actions[bot]	chore: sync deadlines.json
2026-08-02T23:15:38Z	github-actions[bot]	github-actions[bot]	chore: sync deadlines.json
2026-08-02T22:13:23Z	github-actions[bot]	github-actions[bot]	chore: sync deadlines.json
2026-08-02T21:15:10Z	github-actions[bot]	github-actions[bot]	chore: sync deadlines.json
2026-08-02T19:37:46Z	github-actions[bot]	github-actions[bot]	chore: sync deadlines.json
2026-08-02T17:20:31Z	github-actions[bot]	github-actions[bot]	chore: sync deadlines.json
2026-08-02T15:30:52Z	github-actions[bot]	github-actions[bot]	chore: sync deadlines.json
2026-08-02T14:00:51Z	github-actions[bot]	github-actions[bot]	chore: sync deadlines.json
2026-08-02T11:37:09Z	github-actions[bot]	github-actions[bot]	chore: sync deadlines.json
2026-08-02T09:25:31Z	github-actions[bot]	github-actions[bot]	chore: sync deadlines.json
2026-08-02T06:47:56Z	github-actions[bot]	github-actions[bot]	chore: sync deadlines.json
2026-08-02T04:00:26Z	github-actions[bot]	github-actions[bot]	chore: sync deadlines.json
2026-08-02T00:16:14Z	github-actions[bot]	github-actions[bot]	chore: sync deadlines.json
2026-08-01T23:14:39Z	github-actions[bot]	github-actions[bot]	chore: sync deadlines.json
2026-08-01T22:13:36Z	github-actions[bot]	github-actions[bot]	chore: sync deadlines.json
2026-08-01T21:14:34Z	github-actions[bot]	github-actions[bot]	chore: sync deadlines.json
2026-08-01T19:37:16Z	github-actions[bot]	github-actions[bot]	chore: sync deadlines.json
2026-08-01T17:18:51Z	github-actions[bot]	github-actions[bot]	chore: sync deadlines.json
2026-08-01T15:30:19Z	github-actions[bot]	github-actions[bot]	chore: sync deadlines.json
2026-08-01T13:59:33Z	github-actions[bot]	github-actions[bot]	chore: sync deadlines.json
2026-08-01T11:36:43Z	github-actions[bot]	github-actions[bot]	chore: sync deadlines.json
2026-08-01T09:24:35Z	github-actions[bot]	github-actions[bot]	chore: sync deadlines.json
2026-08-01T06:42:48Z	github-actions[bot]	github-actions[bot]	chore: sync deadlines.json
2026-08-01T03:57:07Z	github-actions[bot]	github-actions[bot]	chore: sync deadlines.json
2026-08-01T00:15:32Z	github-actions[bot]	github-actions[bot]	chore: sync deadlines.json
2026-07-31T23:17:52Z	github-actions[bot]	github-actions[bot]	chore: sync deadlines.json
2026-07-31T21:39:11Z	github-actions[bot]	github-actions[bot]	chore: update notifications-sent.json
2026-07-31T21:38:26Z	github-actions[bot]	github-actions[bot]	chore: sync deadlines.json
2026-07-31T21:36:46Z	tahcin	tahcin	feat: sync live sessions from Outlook calendar, tiered reminders, throwback copy
2026-07-31T21:33:15Z	github-actions[bot]	github-actions[bot]	chore: sync deadlines.json
2026-07-31T19:56:10Z	github-actions[bot]	github-actions[bot]	chore: sync deadlines.json
2026-07-31T17:56:06Z	github-actions[bot]	github-actions[bot]	chore: sync deadlines.json
2026-07-31T15:31:38Z	github-actions[bot]	github-actions[bot]	chore: sync deadlines.json
2026-07-31T12:21:06Z	github-actions[bot]	github-actions[bot]	chore: sync deadlines.json
2026-07-31T10:01:42Z	github-actions[bot]	github-actions[bot]	chore: sync deadlines.json
2026-07-31T07:17:19Z	github-actions[bot]	github-actions[bot]	chore: sync deadlines.json
2026-07-31T03:57:08Z	github-actions[bot]	github-actions[bot]	chore: sync deadlines.json
2026-07-31T00:17:18Z	github-actions[bot]	github-actions[bot]	chore: sync deadlines.json
2026-07-30T22:29:19Z	github-actions[bot]	github-actions[bot]	chore: sync deadlines.json
2026-07-30T20:39:19Z	github-actions[bot]	github-actions[bot]	chore: sync deadlines.json
2026-07-30T18:50:02Z	github-actions[bot]	github-actions[bot]	chore: sync deadlines.json
2026-07-30T16:52:04Z	github-actions[bot]	github-actions[bot]	chore: sync deadlines.json
2026-07-30T14:36:12Z	github-actions[bot]	github-actions[bot]	chore: sync deadlines.json
2026-07-30T12:06:35Z	github-actions[bot]	github-actions[bot]	chore: sync deadlines.json
2026-07-30T09:45:09Z	github-actions[bot]	github-actions[bot]	chore: sync deadlines.json
2026-07-30T06:44:16Z	github-actions[bot]	github-actions[bot]	chore: sync deadlines.json
2026-07-30T03:33:32Z	github-actions[bot]	github-actions[bot]	chore: sync deadlines.json
2026-07-29T23:26:42Z	github-actions[bot]	github-actions[bot]	chore: sync deadlines.json
2026-07-29T22:16:24Z	github-actions[bot]	github-actions[bot]	chore: sync deadlines.json
2026-07-29T21:14:43Z	github-actions[bot]	github-actions[bot]	chore: sync deadlines.json
2026-07-29T19:49:28Z	github-actions[bot]	github-actions[bot]	chore: sync deadlines.json
2026-07-29T18:36:02Z	github-actions[bot]	github-actions[bot]	chore: update notifications-sent.json
2026-07-29T17:41:20Z	github-actions[bot]	github-actions[bot]	chore: sync deadlines.json
2026-07-29T15:32:30Z	github-actions[bot]	github-actions[bot]	chore: update notifications-sent.json
2026-07-29T15:22:40Z	github-actions[bot]	github-actions[bot]	chore: sync deadlines.json
2026-07-29T12:23:35Z	github-actions[bot]	github-actions[bot]	chore: sync deadlines.json
2026-07-29T09:59:41Z	github-actions[bot]	github-actions[bot]	chore: sync deadlines.json
2026-07-29T06:48:01Z	github-actions[bot]	github-actions[bot]	chore: sync deadlines.json
2026-07-29T03:44:49Z	github-actions[bot]	github-actions[bot]	chore: sync deadlines.json
2026-07-29T00:12:09Z	github-actions[bot]	github-actions[bot]	chore: sync deadlines.json
2026-07-28T22:19:00Z	github-actions[bot]	github-actions[bot]	chore: sync deadlines.json
2026-07-28T20:36:21Z	github-actions[bot]	github-actions[bot]	chore: sync deadlines.json
2026-07-28T18:52:01Z	github-actions[bot]	github-actions[bot]	chore: sync deadlines.json
2026-07-28T16:52:51Z	github-actions[bot]	github-actions[bot]	chore: sync deadlines.json
2026-07-28T14:44:48Z	github-actions[bot]	github-actions[bot]	chore: sync deadlines.json
2026-07-28T12:16:14Z	github-actions[bot]	github-actions[bot]	chore: sync deadlines.json
2026-07-28T09:58:44Z	github-actions[bot]	github-actions[bot]	chore: sync deadlines.json
2026-07-28T06:44:06Z	github-actions[bot]	github-actions[bot]	chore: sync deadlines.json
2026-07-28T03:41:09Z	github-actions[bot]	github-actions[bot]	chore: sync deadlines.json
2026-07-27T23:29:27Z	github-actions[bot]	github-actions[bot]	chore: sync deadlines.json
2026-07-27T21:31:50Z	github-actions[bot]	github-actions[bot]	chore: sync deadlines.json
2026-07-27T19:58:36Z	github-actions[bot]	github-actions[bot]	chore: sync deadlines.json
2026-07-27T17:59:52Z	github-actions[bot]	github-actions[bot]	chore: sync deadlines.json
2026-07-27T15:55:26Z	github-actions[bot]	github-actions[bot]	chore: sync deadlines.json
2026-07-27T12:38:31Z	github-actions[bot]	github-actions[bot]	chore: sync deadlines.json
2026-07-27T08:49:02Z	github-actions[bot]	github-actions[bot]	chore: sync deadlines.json
2026-07-27T04:55:31Z	github-actions[bot]	github-actions[bot]	chore: sync deadlines.json
2026-07-27T01:02:22Z	github-actions[bot]	github-actions[bot]	chore: sync deadlines.json
2026-07-26T23:16:48Z	github-actions[bot]	github-actions[bot]	chore: sync deadlines.json
2026-07-26T22:16:02Z	github-actions[bot]	github-actions[bot]	chore: sync deadlines.json
2026-07-26T21:14:04Z	github-actions[bot]	github-actions[bot]	chore: sync deadlines.json
2026-07-26T19:38:15Z	github-actions[bot]	github-actions[bot]	chore: sync deadlines.json
2026-07-26T17:22:10Z	github-actions[bot]	github-actions[bot]	chore: sync deadlines.json
2026-07-26T15:33:43Z	github-actions[bot]	github-actions[bot]	chore: sync deadlines.json
2026-07-26T14:03:32Z	github-actions[bot]	github-actions[bot]	chore: sync deadlines.json
2026-07-26T11:39:58Z	github-actions[bot]	github-actions[bot]	chore: sync deadlines.json
2026-07-26T09:27:01Z	github-actions[bot]	github-actions[bot]	chore: sync deadlines.json
2026-07-26T07:06:36Z	github-actions[bot]	github-actions[bot]	chore: sync deadlines.json
2026-07-26T04:03:35Z	github-actions[bot]	github-actions[bot]	chore: sync deadlines.json
2026-07-26T00:17:47Z	github-actions[bot]	github-actions[bot]	chore: sync deadlines.json
2026-07-25T23:15:55Z	github-actions[bot]	github-actions[bot]	chore: sync deadlines.json
2026-07-25T22:12:42Z	github-actions[bot]	github-actions[bot]	chore: sync deadlines.json
2026-07-25T21:11:30Z	github-actions[bot]	github-actions[bot]	chore: sync deadlines.json
2026-07-25T19:37:41Z	github-actions[bot]	github-actions[bot]	chore: sync deadlines.json
2026-07-25T17:21:16Z	github-actions[bot]	github-actions[bot]	chore: sync deadlines.json
2026-07-25T14:05:02Z	github-actions[bot]	github-actions[bot]	chore: sync deadlines.json
2026-07-25T12:11:27Z	github-actions[bot]	github-actions[bot]	chore: sync deadlines.json
2026-07-25T10:47:28Z	github-actions[bot]	github-actions[bot]	chore: sync deadlines.json
2026-07-25T09:15:05Z	github-actions[bot]	github-actions[bot]	chore: sync deadlines.json
2026-07-25T06:31:43Z	github-actions[bot]	github-actions[bot]	chore: sync deadlines.json
2026-07-25T03:42:15Z	github-actions[bot]	github-actions[bot]	chore: sync deadlines.json
2026-07-24T23:18:53Z	github-actions[bot]	github-actions[bot]	chore: sync deadlines.json
2026-07-24T21:31:13Z	github-actions[bot]	github-actions[bot]	chore: sync deadlines.json
2026-07-24T19:49:50Z	github-actions[bot]	github-actions[bot]	chore: sync deadlines.json
2026-07-24T17:55:09Z	github-actions[bot]	github-actions[bot]	chore: sync deadlines.json
2026-07-24T15:54:34Z	github-actions[bot]	github-actions[bot]	chore: sync deadlines.json
2026-07-24T14:17:32Z	github-actions[bot]	github-actions[bot]	chore: sync deadlines.json
2026-07-24T11:57:41Z	github-actions[bot]	github-actions[bot]	chore: sync deadlines.json
2026-07-24T09:37:34Z	github-actions[bot]	github-actions[bot]	chore: sync deadlines.json
2026-07-24T06:42:14Z	github-actions[bot]	github-actions[bot]	chore: sync deadlines.json
2026-07-24T03:49:40Z	github-actions[bot]	github-actions[bot]	chore: sync deadlines.json
2026-07-24T00:15:07Z	github-actions[bot]	github-actions[bot]	chore: sync deadlines.json
2026-07-23T23:16:22Z	github-actions[bot]	github-actions[bot]	chore: sync deadlines.json
2026-07-23T22:17:04Z	github-actions[bot]	github-actions[bot]	chore: sync deadlines.json
2026-07-23T20:32:15Z	github-actions[bot]	github-actions[bot]	chore: sync deadlines.json
2026-07-23T18:39:44Z	github-actions[bot]	github-actions[bot]	chore: sync deadlines.json
2026-07-23T17:03:32Z	github-actions[bot]	github-actions[bot]	chore: update notifications-sent.json
2026-07-23T16:49:51Z	github-actions[bot]	github-actions[bot]	chore: sync deadlines.json
2026-07-23T14:38:22Z	github-actions[bot]	github-actions[bot]	chore: sync deadlines.json
2026-07-23T12:04:47Z	github-actions[bot]	github-actions[bot]	chore: sync deadlines.json
2026-07-23T09:39:55Z	github-actions[bot]	github-actions[bot]	chore: sync deadlines.json
2026-07-23T07:59:36Z	github-actions[bot]	github-actions[bot]	chore: update notifications-sent.json
2026-07-23T06:42:21Z	github-actions[bot]	github-actions[bot]	chore: sync deadlines.json
2026-07-23T05:34:59Z	tahcin	tahcin	Schedule deadline reminders via OneSignal send_after
2026-07-23T04:56:56Z	github-actions[bot]	github-actions[bot]	chore: update notifications-sent.json
2026-07-23T03:49:39Z	github-actions[bot]	github-actions[bot]	chore: sync deadlines.json
2026-07-23T00:14:53Z	github-actions[bot]	github-actions[bot]	chore: sync deadlines.json
2026-07-22T22:18:20Z	github-actions[bot]	github-actions[bot]	chore: sync deadlines.json
2026-07-22T20:33:50Z	github-actions[bot]	github-actions[bot]	chore: sync deadlines.json
2026-07-22T18:44:36Z	github-actions[bot]	github-actions[bot]	chore: update notifications-sent.json
2026-07-22T18:36:34Z	github-actions[bot]	github-actions[bot]	chore: sync deadlines.json
2026-07-22T16:59:17Z	github-actions[bot]	github-actions[bot]	chore: update notifications-sent.json
2026-07-22T16:53:35Z	github-actions[bot]	github-actions[bot]	chore: sync deadlines.json
2026-07-22T14:32:03Z	github-actions[bot]	github-actions[bot]	chore: sync deadlines.json
2026-07-22T12:09:49Z	github-actions[bot]	github-actions[bot]	chore: sync deadlines.json
2026-07-22T09:41:43Z	github-actions[bot]	github-actions[bot]	chore: sync deadlines.json
2026-07-22T06:44:55Z	github-actions[bot]	github-actions[bot]	chore: sync deadlines.json
2026-07-22T04:50:44Z	github-actions[bot]	github-actions[bot]	chore: update notifications-sent.json
2026-07-22T03:50:52Z	github-actions[bot]	github-actions[bot]	chore: sync deadlines.json
2026-07-22T00:11:43Z	github-actions[bot]	github-actions[bot]	chore: sync deadlines.json
2026-07-21T23:14:36Z	github-actions[bot]	github-actions[bot]	chore: sync deadlines.json
2026-07-21T22:13:57Z	github-actions[bot]	github-actions[bot]	chore: sync deadlines.json
2026-07-21T20:37:54Z	github-actions[bot]	github-actions[bot]	chore: sync deadlines.json
2026-07-21T18:42:51Z	github-actions[bot]	github-actions[bot]	chore: sync deadlines.json
2026-07-21T16:45:45Z	github-actions[bot]	github-actions[bot]	chore: sync deadlines.json
2026-07-21T14:28:07Z	github-actions[bot]	github-actions[bot]	chore: sync deadlines.json
2026-07-21T12:02:50Z	github-actions[bot]	github-actions[bot]	chore: sync deadlines.json
2026-07-21T09:42:54Z	github-actions[bot]	github-actions[bot]	chore: sync deadlines.json
2026-07-21T06:43:59Z	github-actions[bot]	github-actions[bot]	chore: sync deadlines.json
2026-07-21T03:50:19Z	github-actions[bot]	github-actions[bot]	chore: sync deadlines.json
2026-07-20T23:27:14Z	github-actions[bot]	github-actions[bot]	chore: sync deadlines.json
2026-07-20T22:15:13Z	github-actions[bot]	github-actions[bot]	chore: sync deadlines.json
2026-07-20T20:43:49Z	github-actions[bot]	github-actions[bot]	chore: sync deadlines.json
2026-07-20T18:23:16Z	github-actions[bot]	github-actions[bot]	chore: sync deadlines.json
2026-07-20T16:03:13Z	github-actions[bot]	github-actions[bot]	chore: sync deadlines.json
2026-07-20T13:23:33Z	github-actions[bot]	github-actions[bot]	chore: sync deadlines.json
2026-07-20T11:16:45Z	github-actions[bot]	github-actions[bot]	chore: sync deadlines.json
2026-07-20T07:34:09Z	github-actions[bot]	github-actions[bot]	chore: sync deadlines.json
2026-07-20T04:11:06Z	github-actions[bot]	github-actions[bot]	chore: sync deadlines.json
2026-07-20T00:15:44Z	github-actions[bot]	github-actions[bot]	chore: sync deadlines.json
2026-07-19T23:14:43Z	github-actions[bot]	github-actions[bot]	chore: sync deadlines.json
2026-07-19T22:11:47Z	github-actions[bot]	github-actions[bot]	chore: sync deadlines.json
2026-07-19T21:09:54Z	github-actions[bot]	github-actions[bot]	chore: sync deadlines.json
2026-07-19T19:35:53Z	github-actions[bot]	github-actions[bot]	chore: sync deadlines.json
2026-07-19T17:29:46Z	github-actions[bot]	github-actions[bot]	chore: sync deadlines.json
2026-07-19T16:17:52Z	github-actions[bot]	github-actions[bot]	chore: sync deadlines.json
2026-07-19T15:18:53Z	github-actions[bot]	github-actions[bot]	chore: sync deadlines.json
2026-07-19T13:57:28Z	github-actions[bot]	github-actions[bot]	chore: sync deadlines.json
2026-07-19T11:36:36Z	github-actions[bot]	github-actions[bot]	chore: sync deadlines.json
2026-07-19T09:20:41Z	github-actions[bot]	github-actions[bot]	chore: sync deadlines.json
2026-07-19T06:45:14Z	github-actions[bot]	github-actions[bot]	chore: sync deadlines.json
2026-07-19T03:59:17Z	github-actions[bot]	github-actions[bot]	chore: sync deadlines.json
2026-07-19T00:12:47Z	github-actions[bot]	github-actions[bot]	chore: sync deadlines.json
2026-07-18T23:13:31Z	github-actions[bot]	github-actions[bot]	chore: sync deadlines.json
2026-07-18T22:09:58Z	github-actions[bot]	github-actions[bot]	chore: sync deadlines.json
2026-07-18T21:08:27Z	github-actions[bot]	github-actions[bot]	chore: sync deadlines.json
2026-07-18T19:35:29Z	github-actions[bot]	github-actions[bot]	chore: sync deadlines.json
2026-07-18T17:27:04Z	github-actions[bot]	github-actions[bot]	chore: sync deadlines.json
2026-07-18T16:15:34Z	github-actions[bot]	github-actions[bot]	chore: sync deadlines.json
2026-07-18T15:17:30Z	github-actions[bot]	github-actions[bot]	chore: sync deadlines.json
2026-07-18T13:53:14Z	github-actions[bot]	github-actions[bot]	chore: sync deadlines.json
2026-07-18T12:08:06Z	github-actions[bot]	github-actions[bot]	chore: sync deadlines.json
2026-07-18T10:45:10Z	github-actions[bot]	github-actions[bot]	chore: sync deadlines.json
2026-07-18T09:01:19Z	github-actions[bot]	github-actions[bot]	chore: sync deadlines.json
2026-07-18T06:22:33Z	github-actions[bot]	github-actions[bot]	chore: sync deadlines.json
2026-07-18T03:37:07Z	github-actions[bot]	github-actions[bot]	chore: sync deadlines.json
2026-07-18T00:12:31Z	github-actions[bot]	github-actions[bot]	chore: sync deadlines.json
2026-07-17T23:11:20Z	github-actions[bot]	github-actions[bot]	chore: sync deadlines.json
2026-07-17T22:08:48Z	github-actions[bot]	github-actions[bot]	chore: sync deadlines.json
2026-07-17T21:10:18Z	github-actions[bot]	github-actions[bot]	chore: sync deadlines.json
2026-07-17T19:35:31Z	github-actions[bot]	github-actions[bot]	chore: sync deadlines.json
2026-07-17T17:33:38Z	github-actions[bot]	github-actions[bot]	chore: sync deadlines.json
2026-07-17T15:45:58Z	github-actions[bot]	github-actions[bot]	chore: sync deadlines.json
2026-07-17T14:07:03Z	github-actions[bot]	github-actions[bot]	chore: sync deadlines.json
2026-07-17T11:43:31Z	github-actions[bot]	github-actions[bot]	chore: sync deadlines.json
2026-07-17T09:25:44Z	github-actions[bot]	github-actions[bot]	chore: sync deadlines.json
2026-07-17T06:30:22Z	github-actions[bot]	github-actions[bot]	chore: sync deadlines.json
2026-07-17T03:43:19Z	github-actions[bot]	github-actions[bot]	chore: sync deadlines.json
2026-07-17T00:14:53Z	github-actions[bot]	github-actions[bot]	chore: sync deadlines.json
2026-07-16T23:13:18Z	github-actions[bot]	github-actions[bot]	chore: sync deadlines.json
2026-07-16T21:27:30Z	github-actions[bot]	github-actions[bot]	chore: sync deadlines.json
2026-07-16T20:13:57Z	github-actions[bot]	github-actions[bot]	chore: sync deadlines.json
2026-07-16T18:44:11Z	github-actions[bot]	github-actions[bot]	chore: update notifications-sent.json
2026-07-16T18:34:37Z	github-actions[bot]	github-actions[bot]	chore: sync deadlines.json
2026-07-16T16:44:20Z	github-actions[bot]	github-actions[bot]	chore: sync deadlines.json
2026-07-16T15:19:17Z	github-actions[bot]	github-actions[bot]	chore: update notifications-sent.json
2026-07-16T14:26:37Z	github-actions[bot]	github-actions[bot]	chore: sync deadlines.json
2026-07-16T11:55:44Z	github-actions[bot]	github-actions[bot]	chore: sync deadlines.json
2026-07-16T09:32:11Z	github-actions[bot]	github-actions[bot]	chore: sync deadlines.json
2026-07-16T06:39:44Z	github-actions[bot]	github-actions[bot]	chore: sync deadlines.json
2026-07-16T03:42:34Z	github-actions[bot]	github-actions[bot]	chore: sync deadlines.json
2026-07-16T00:12:25Z	github-actions[bot]	github-actions[bot]	chore: sync deadlines.json
2026-07-15T22:26:27Z	github-actions[bot]	github-actions[bot]	chore: sync deadlines.json
2026-07-15T21:17:33Z	github-actions[bot]	github-actions[bot]	chore: sync deadlines.json
2026-07-15T19:38:48Z	github-actions[bot]	github-actions[bot]	chore: sync deadlines.json
2026-07-15T17:41:32Z	github-actions[bot]	github-actions[bot]	chore: sync deadlines.json
2026-07-15T16:53:02Z	github-actions[bot]	github-actions[bot]	chore: update notifications-sent.json
2026-07-15T15:55:18Z	github-actions[bot]	github-actions[bot]	chore: sync deadlines.json
2026-07-15T14:14:07Z	github-actions[bot]	github-actions[bot]	chore: sync deadlines.json
2026-07-15T11:52:20Z	github-actions[bot]	github-actions[bot]	chore: sync deadlines.json
2026-07-15T09:23:54Z	github-actions[bot]	github-actions[bot]	chore: sync deadlines.json
2026-07-15T06:33:43Z	github-actions[bot]	github-actions[bot]	chore: sync deadlines.json
2026-07-15T04:33:13Z	github-actions[bot]	github-actions[bot]	chore: update notifications-sent.json
2026-07-15T03:40:11Z	github-actions[bot]	github-actions[bot]	chore: sync deadlines.json
2026-07-15T00:07:52Z	github-actions[bot]	github-actions[bot]	chore: sync deadlines.json
2026-07-14T22:26:55Z	github-actions[bot]	github-actions[bot]	chore: sync deadlines.json
2026-07-14T21:17:26Z	github-actions[bot]	github-actions[bot]	chore: sync deadlines.json
2026-07-14T19:46:32Z	github-actions[bot]	github-actions[bot]	chore: sync deadlines.json
2026-07-14T17:36:53Z	github-actions[bot]	github-actions[bot]	chore: sync deadlines.json
2026-07-14T15:52:42Z	github-actions[bot]	github-actions[bot]	chore: sync deadlines.json
2026-07-14T14:17:01Z	github-actions[bot]	github-actions[bot]	chore: sync deadlines.json
2026-07-14T11:47:43Z	github-actions[bot]	github-actions[bot]	chore: sync deadlines.json
2026-07-14T09:19:16Z	github-actions[bot]	github-actions[bot]	chore: sync deadlines.json
2026-07-14T06:31:16Z	github-actions[bot]	github-actions[bot]	chore: sync deadlines.json
2026-07-14T03:39:30Z	github-actions[bot]	github-actions[bot]	chore: sync deadlines.json
2026-07-14T00:11:25Z	github-actions[bot]	github-actions[bot]	chore: sync deadlines.json
2026-07-13T23:15:57Z	github-actions[bot]	github-actions[bot]	chore: sync deadlines.json
2026-07-13T22:14:13Z	github-actions[bot]	github-actions[bot]	chore: sync deadlines.json
2026-07-13T21:14:40Z	github-actions[bot]	github-actions[bot]	chore: sync deadlines.json
2026-07-13T19:52:44Z	github-actions[bot]	github-actions[bot]	chore: sync deadlines.json
2026-07-13T17:25:33Z	github-actions[bot]	github-actions[bot]	chore: sync deadlines.json
2026-07-13T15:14:36Z	github-actions[bot]	github-actions[bot]	chore: sync deadlines.json
2026-07-13T11:31:52Z	github-actions[bot]	github-actions[bot]	chore: sync deadlines.json
2026-07-13T07:43:20Z	github-actions[bot]	github-actions[bot]	chore: sync deadlines.json
2026-07-13T04:07:34Z	github-actions[bot]	github-actions[bot]	chore: sync deadlines.json
2026-07-13T00:13:37Z	github-actions[bot]	github-actions[bot]	chore: sync deadlines.json
2026-07-12T23:11:53Z	github-actions[bot]	github-actions[bot]	chore: sync deadlines.json
2026-07-12T22:10:37Z	github-actions[bot]	github-actions[bot]	chore: sync deadlines.json
2026-07-12T21:08:41Z	github-actions[bot]	github-actions[bot]	chore: sync deadlines.json
2026-07-12T19:34:00Z	github-actions[bot]	github-actions[bot]	chore: sync deadlines.json
2026-07-12T17:28:54Z	github-actions[bot]	github-actions[bot]	chore: sync deadlines.json
2026-07-12T15:19:50Z	github-actions[bot]	github-actions[bot]	chore: sync deadlines.json
2026-07-12T13:59:15Z	github-actions[bot]	github-actions[bot]	chore: sync deadlines.json
2026-07-12T11:34:28Z	github-actions[bot]	github-actions[bot]	chore: sync deadlines.json
2026-07-12T09:19:26Z	github-actions[bot]	github-actions[bot]	chore: sync deadlines.json
2026-07-12T06:48:43Z	github-actions[bot]	github-actions[bot]	chore: sync deadlines.json
2026-07-12T04:02:29Z	github-actions[bot]	github-actions[bot]	chore: sync deadlines.json
2026-07-12T00:15:55Z	github-actions[bot]	github-actions[bot]	chore: sync deadlines.json
2026-07-11T23:13:35Z	github-actions[bot]	github-actions[bot]	chore: sync deadlines.json
2026-07-11T22:10:08Z	github-actions[bot]	github-actions[bot]	chore: sync deadlines.json
2026-07-11T21:09:29Z	github-actions[bot]	github-actions[bot]	chore: sync deadlines.json
2026-07-11T19:35:29Z	github-actions[bot]	github-actions[bot]	chore: sync deadlines.json
2026-07-11T17:18:47Z	github-actions[bot]	github-actions[bot]	chore: sync deadlines.json
2026-07-11T15:19:13Z	github-actions[bot]	github-actions[bot]	chore: sync deadlines.json
2026-07-11T13:57:40Z	github-actions[bot]	github-actions[bot]	chore: sync deadlines.json
2026-07-11T12:08:10Z	github-actions[bot]	github-actions[bot]	chore: sync deadlines.json
2026-07-11T10:36:48Z	github-actions[bot]	github-actions[bot]	chore: sync deadlines.json
2026-07-11T09:00:55Z	github-actions[bot]	github-actions[bot]	chore: sync deadlines.json
2026-07-11T06:29:00Z	github-actions[bot]	github-actions[bot]	chore: sync deadlines.json
2026-07-11T03:46:11Z	github-actions[bot]	github-actions[bot]	chore: sync deadlines.json
2026-07-11T00:15:00Z	github-actions[bot]	github-actions[bot]	chore: sync deadlines.json
2026-07-10T22:19:32Z	github-actions[bot]	github-actions[bot]	chore: sync deadlines.json
2026-07-10T20:45:00Z	github-actions[bot]	github-actions[bot]	chore: sync deadlines.json
2026-07-10T18:48:40Z	github-actions[bot]	github-actions[bot]	chore: sync deadlines.json
2026-07-10T17:12:13Z	github-actions[bot]	github-actions[bot]	chore: sync deadlines.json
2026-07-10T15:05:32Z	github-actions[bot]	github-actions[bot]	chore: sync deadlines.json
2026-07-10T12:09:53Z	github-actions[bot]	github-actions[bot]	chore: sync deadlines.json
2026-07-10T08:44:28Z	github-actions[bot]	github-actions[bot]	chore: sync deadlines.json
2026-07-10T04:18:45Z	github-actions[bot]	github-actions[bot]	chore: sync deadlines.json
2026-07-09T23:41:55Z	github-actions[bot]	github-actions[bot]	chore: sync deadlines.json
2026-07-09T21:49:16Z	github-actions[bot]	github-actions[bot]	chore: sync deadlines.json
2026-07-09T20:07:37Z	github-actions[bot]	github-actions[bot]	chore: sync deadlines.json
2026-07-09T18:12:35Z	github-actions[bot]	github-actions[bot]	chore: sync deadlines.json
2026-07-09T17:04:06Z	github-actions[bot]	github-actions[bot]	chore: update notifications-sent.json
2026-07-09T15:39:08Z	github-actions[bot]	github-actions[bot]	chore: sync deadlines.json
2026-07-09T14:11:34Z	github-actions[bot]	github-actions[bot]	chore: update notifications-sent.json
2026-07-09T12:22:58Z	github-actions[bot]	github-actions[bot]	chore: sync deadlines.json
2026-07-09T08:48:14Z	github-actions[bot]	github-actions[bot]	chore: sync deadlines.json
2026-07-09T05:19:50Z	github-actions[bot]	github-actions[bot]	chore: sync deadlines.json
2026-07-09T04:35:32Z	github-actions[bot]	github-actions[bot]	chore: update notifications-sent.json
2026-07-09T01:04:11Z	github-actions[bot]	github-actions[bot]	chore: sync deadlines.json
2026-07-08T22:20:56Z	github-actions[bot]	github-actions[bot]	chore: sync deadlines.json
2026-07-08T20:39:14Z	github-actions[bot]	github-actions[bot]	chore: sync deadlines.json
2026-07-08T18:50:04Z	github-actions[bot]	github-actions[bot]	chore: sync deadlines.json
2026-07-08T18:04:12Z	github-actions[bot]	github-actions[bot]	chore: update notifications-sent.json
2026-07-08T16:52:37Z	github-actions[bot]	github-actions[bot]	chore: sync deadlines.json
2026-07-08T14:43:07Z	github-actions[bot]	github-actions[bot]	chore: sync deadlines.json
2026-07-08T13:13:15Z	github-actions[bot]	github-actions[bot]	chore: update notifications-sent.json
2026-07-08T11:59:14Z	github-actions[bot]	github-actions[bot]	chore: sync deadlines.json
2026-07-08T09:40:22Z	github-actions[bot]	github-actions[bot]	chore: sync deadlines.json
2026-07-08T06:40:47Z	github-actions[bot]	github-actions[bot]	chore: sync deadlines.json
2026-07-08T03:50:16Z	github-actions[bot]	github-actions[bot]	chore: sync deadlines.json
2026-07-08T00:14:35Z	github-actions[bot]	github-actions[bot]	chore: sync deadlines.json
2026-07-07T22:33:14Z	github-actions[bot]	github-actions[bot]	chore: sync deadlines.json
2026-07-07T21:01:36Z	github-actions[bot]	github-actions[bot]	chore: sync deadlines.json
2026-07-07T18:23:17Z	github-actions[bot]	github-actions[bot]	chore: sync deadlines.json
2026-07-07T15:19:00Z	github-actions[bot]	github-actions[bot]	chore: sync deadlines.json
2026-07-07T12:11:34Z	github-actions[bot]	github-actions[bot]	chore: sync deadlines.json
2026-07-07T08:48:26Z	github-actions[bot]	github-actions[bot]	chore: sync deadlines.json
2026-07-07T05:10:48Z	github-actions[bot]	github-actions[bot]	chore: sync deadlines.json
2026-07-07T01:10:11Z	github-actions[bot]	github-actions[bot]	chore: sync deadlines.json
2026-07-06T22:40:56Z	github-actions[bot]	github-actions[bot]	chore: sync deadlines.json
2026-07-06T21:06:16Z	github-actions[bot]	github-actions[bot]	chore: sync deadlines.json
2026-07-06T19:12:18Z	github-actions[bot]	github-actions[bot]	chore: sync deadlines.json
2026-07-06T16:32:18Z	github-actions[bot]	github-actions[bot]	chore: sync deadlines.json
2026-07-06T13:00:58Z	github-actions[bot]	github-actions[bot]	chore: sync deadlines.json
2026-07-06T09:14:03Z	github-actions[bot]	github-actions[bot]	chore: sync deadlines.json
2026-07-06T04:44:05Z	github-actions[bot]	github-actions[bot]	chore: sync deadlines.json
2026-07-05T23:32:11Z	github-actions[bot]	github-actions[bot]	chore: sync deadlines.json
2026-07-05T22:19:31Z	github-actions[bot]	github-actions[bot]	chore: sync deadlines.json
2026-07-05T20:35:59Z	github-actions[bot]	github-actions[bot]	chore: sync deadlines.json
2026-07-05T18:21:08Z	github-actions[bot]	github-actions[bot]	chore: sync deadlines.json
2026-07-05T16:36:51Z	github-actions[bot]	github-actions[bot]	chore: sync deadlines.json
2026-07-05T15:02:53Z	github-actions[bot]	github-actions[bot]	chore: sync deadlines.json
2026-07-05T04:36:25Z	github-actions[bot]	github-actions[bot]	chore: sync deadlines.json
2026-07-04T23:18:03Z	github-actions[bot]	github-actions[bot]	chore: sync deadlines.json
2026-07-04T22:15:14Z	github-actions[bot]	github-actions[bot]	chore: sync deadlines.json
2026-07-04T21:16:38Z	github-actions[bot]	github-actions[bot]	chore: sync deadlines.json
2026-07-04T19:42:54Z	github-actions[bot]	github-actions[bot]	chore: sync deadlines.json
2026-07-04T17:33:22Z	github-actions[bot]	github-actions[bot]	chore: sync deadlines.json
2026-07-04T15:37:45Z	github-actions[bot]	github-actions[bot]	chore: sync deadlines.json
2026-07-04T14:06:50Z	github-actions[bot]	github-actions[bot]	chore: sync deadlines.json
2026-07-04T11:51:44Z	github-actions[bot]	github-actions[bot]	chore: sync deadlines.json
2026-07-04T09:37:00Z	github-actions[bot]	github-actions[bot]	chore: sync deadlines.json
2026-07-04T07:19:54Z	github-actions[bot]	github-actions[bot]	chore: sync deadlines.json
2026-07-04T04:05:32Z	github-actions[bot]	github-actions[bot]	chore: sync deadlines.json
2026-07-03T23:29:56Z	github-actions[bot]	github-actions[bot]	chore: sync deadlines.json
2026-07-03T21:35:03Z	github-actions[bot]	github-actions[bot]	chore: sync deadlines.json
2026-07-03T19:52:56Z	github-actions[bot]	github-actions[bot]	chore: sync deadlines.json
2026-07-03T17:53:52Z	github-actions[bot]	github-actions[bot]	chore: sync deadlines.json
2026-07-03T15:29:40Z	github-actions[bot]	github-actions[bot]	chore: sync deadlines.json
2026-07-03T13:17:03Z	github-actions[bot]	github-actions[bot]	chore: sync deadlines.json
2026-07-03T11:03:31Z	github-actions[bot]	github-actions[bot]	chore: sync deadlines.json
2026-07-03T07:42:39Z	github-actions[bot]	github-actions[bot]	chore: sync deadlines.json
2026-07-03T04:12:21Z	github-actions[bot]	github-actions[bot]	chore: sync deadlines.json
2026-07-02T23:32:14Z	github-actions[bot]	github-actions[bot]	chore: sync deadlines.json
2026-07-02T21:35:22Z	github-actions[bot]	github-actions[bot]	chore: sync deadlines.json
2026-07-02T19:57:20Z	github-actions[bot]	github-actions[bot]	chore: sync deadlines.json
2026-07-02T18:04:32Z	github-actions[bot]	github-actions[bot]	chore: sync deadlines.json
2026-07-02T17:14:41Z	github-actions[bot]	github-actions[bot]	chore: update notifications-sent.json
2026-07-02T15:34:48Z	github-actions[bot]	github-actions[bot]	chore: sync deadlines.json
2026-07-02T12:23:41Z	github-actions[bot]	github-actions[bot]	chore: sync deadlines.json
2026-07-02T09:45:48Z	github-actions[bot]	github-actions[bot]	chore: update notifications-sent.json
2026-07-02T09:35:52Z	github-actions[bot]	github-actions[bot]	chore: sync deadlines.json
2026-07-02T06:12:08Z	github-actions[bot]	github-actions[bot]	chore: sync deadlines.json
2026-07-02T01:26:47Z	github-actions[bot]	github-actions[bot]	chore: sync deadlines.json
2026-07-01T22:42:58Z	github-actions[bot]	github-actions[bot]	chore: sync deadlines.json
2026-07-01T20:57:33Z	github-actions[bot]	github-actions[bot]	chore: sync deadlines.json
2026-07-01T19:14:52Z	github-actions[bot]	github-actions[bot]	chore: sync deadlines.json
2026-07-01T17:00:20Z	github-actions[bot]	github-actions[bot]	chore: update notifications-sent.json
2026-07-01T16:42:12Z	github-actions[bot]	github-actions[bot]	chore: sync deadlines.json
2026-07-01T13:42:06Z	github-actions[bot]	github-actions[bot]	chore: sync deadlines.json
2026-07-01T10:50:57Z	github-actions[bot]	github-actions[bot]	chore: sync deadlines.json
2026-07-01T06:53:51Z	github-actions[bot]	github-actions[bot]	chore: update notifications-sent.json
2026-07-01T06:48:01Z	github-actions[bot]	github-actions[bot]	chore: sync deadlines.json
2026-07-01T01:34:42Z	github-actions[bot]	github-actions[bot]	chore: sync deadlines.json
2026-06-30T22:43:29Z	github-actions[bot]	github-actions[bot]	chore: sync deadlines.json
2026-06-30T21:11:37Z	github-actions[bot]	github-actions[bot]	chore: sync deadlines.json
2026-06-30T19:13:33Z	github-actions[bot]	github-actions[bot]	chore: sync deadlines.json
2026-06-30T17:19:37Z	github-actions[bot]	github-actions[bot]	chore: sync deadlines.json
2026-06-30T14:46:01Z	github-actions[bot]	github-actions[bot]	chore: sync deadlines.json
2026-06-30T11:55:22Z	github-actions[bot]	github-actions[bot]	chore: sync deadlines.json
2026-06-30T08:39:42Z	github-actions[bot]	github-actions[bot]	chore: sync deadlines.json
2026-06-30T04:36:45Z	github-actions[bot]	github-actions[bot]	chore: sync deadlines.json
2026-06-29T23:18:21Z	github-actions[bot]	github-actions[bot]	chore: sync deadlines.json
2026-06-29T21:48:10Z	github-actions[bot]	github-actions[bot]	chore: sync deadlines.json
2026-06-29T20:17:39Z	github-actions[bot]	github-actions[bot]	chore: sync deadlines.json
2026-06-29T17:49:45Z	github-actions[bot]	github-actions[bot]	chore: sync deadlines.json
2026-06-29T17:04:30Z	github-actions[bot]	github-actions[bot]	chore: sync deadlines.json
2026-06-29T17:01:41Z	tahcin	tahcin	fix(sync): supply correct TLS intermediate for iimbx.edu.in
2026-06-29T05:02:32Z	github-actions[bot]	github-actions[bot]	chore: sync deadlines.json
2026-06-28T23:34:57Z	github-actions[bot]	github-actions[bot]	chore: sync deadlines.json
2026-06-28T22:17:28Z	github-actions[bot]	github-actions[bot]	chore: sync deadlines.json
2026-06-28T20:38:23Z	github-actions[bot]	github-actions[bot]	chore: sync deadlines.json
2026-06-28T18:37:45Z	github-actions[bot]	github-actions[bot]	chore: sync deadlines.json
2026-06-28T16:39:33Z	github-actions[bot]	github-actions[bot]	chore: sync deadlines.json
2026-06-28T15:00:20Z	github-actions[bot]	github-actions[bot]	chore: sync deadlines.json
2026-06-28T12:49:32Z	github-actions[bot]	github-actions[bot]	chore: sync deadlines.json
2026-06-28T11:18:54Z	github-actions[bot]	github-actions[bot]	chore: sync deadlines.json
2026-06-28T08:30:26Z	github-actions[bot]	github-actions[bot]	chore: sync deadlines.json
2026-06-28T04:56:57Z	github-actions[bot]	github-actions[bot]	chore: sync deadlines.json
2026-06-28T00:16:58Z	github-actions[bot]	github-actions[bot]	chore: sync deadlines.json
2026-06-27T22:18:59Z	github-actions[bot]	github-actions[bot]	chore: sync deadlines.json
2026-06-27T20:34:30Z	github-actions[bot]	github-actions[bot]	chore: sync deadlines.json
2026-06-27T18:37:42Z	github-actions[bot]	github-actions[bot]	chore: sync deadlines.json
2026-06-27T16:34:33Z	github-actions[bot]	github-actions[bot]	chore: sync deadlines.json
2026-06-27T14:57:30Z	github-actions[bot]	github-actions[bot]	chore: sync deadlines.json
2026-06-27T12:45:08Z	github-actions[bot]	github-actions[bot]	chore: sync deadlines.json
2026-06-27T11:06:08Z	github-actions[bot]	github-actions[bot]	chore: sync deadlines.json
2026-06-27T09:08:56Z	github-actions[bot]	github-actions[bot]	chore: sync deadlines.json
2026-06-27T06:05:00Z	github-actions[bot]	github-actions[bot]	chore: sync deadlines.json
2026-06-27T01:24:57Z	github-actions[bot]	github-actions[bot]	chore: sync deadlines.json
2026-06-26T22:38:47Z	github-actions[bot]	github-actions[bot]	chore: sync deadlines.json
2026-06-26T20:57:43Z	github-actions[bot]	github-actions[bot]	chore: sync deadlines.json
2026-06-26T19:08:11Z	github-actions[bot]	github-actions[bot]	chore: sync deadlines.json
2026-06-26T16:30:25Z	github-actions[bot]	github-actions[bot]	chore: sync deadlines.json
2026-06-26T14:52:31Z	tahcin	tahcin	Derive cohort term dynamically instead of hardcoding
2026-06-26T13:24:17Z	github-actions[bot]	github-actions[bot]	chore: sync deadlines.json
2026-06-26T10:31:02Z	github-actions[bot]	github-actions[bot]	chore: sync deadlines.json
2026-06-26T06:32:37Z	github-actions[bot]	github-actions[bot]	chore: sync deadlines.json
2026-06-26T01:32:58Z	github-actions[bot]	github-actions[bot]	chore: sync deadlines.json
2026-06-25T22:49:38Z	github-actions[bot]	github-actions[bot]	chore: sync deadlines.json
2026-06-25T21:03:44Z	github-actions[bot]	github-actions[bot]	chore: sync deadlines.json
2026-06-25T18:28:19Z	github-actions[bot]	github-actions[bot]	chore: sync deadlines.json
2026-06-25T15:19:38Z	github-actions[bot]	github-actions[bot]	chore: sync deadlines.json
2026-06-25T11:58:26Z	github-actions[bot]	github-actions[bot]	chore: sync deadlines.json
2026-06-25T08:32:34Z	github-actions[bot]	github-actions[bot]	chore: sync deadlines.json
2026-06-25T04:37:06Z	github-actions[bot]	github-actions[bot]	chore: sync deadlines.json
2026-06-24T23:36:45Z	github-actions[bot]	github-actions[bot]	chore: sync deadlines.json
2026-06-24T21:49:12Z	github-actions[bot]	github-actions[bot]	chore: sync deadlines.json
2026-06-24T20:13:22Z	github-actions[bot]	github-actions[bot]	chore: sync deadlines.json
2026-06-24T17:21:47Z	github-actions[bot]	github-actions[bot]	chore: sync deadlines.json
2026-06-24T15:22:51Z	github-actions[bot]	github-actions[bot]	chore: update notifications-sent.json
2026-06-24T15:12:06Z	github-actions[bot]	github-actions[bot]	chore: sync deadlines.json
2026-06-24T12:03:23Z	github-actions[bot]	github-actions[bot]	chore: sync deadlines.json
2026-06-24T08:35:41Z	github-actions[bot]	github-actions[bot]	chore: sync deadlines.json
2026-06-24T05:47:44Z	github-actions[bot]	github-actions[bot]	chore: update notifications-sent.json
2026-06-24T04:40:49Z	github-actions[bot]	github-actions[bot]	chore: sync deadlines.json
2026-06-23T23:32:43Z	github-actions[bot]	github-actions[bot]	chore: sync deadlines.json
2026-06-23T21:53:44Z	github-actions[bot]	github-actions[bot]	chore: sync deadlines.json
2026-06-23T19:21:25Z	github-actions[bot]	github-actions[bot]	chore: sync deadlines.json
2026-06-23T16:44:53Z	github-actions[bot]	github-actions[bot]	chore: sync deadlines.json
2026-06-23T13:49:08Z	github-actions[bot]	github-actions[bot]	chore: sync deadlines.json
2026-06-23T10:45:31Z	github-actions[bot]	github-actions[bot]	chore: sync deadlines.json
2026-06-23T06:30:06Z	github-actions[bot]	github-actions[bot]	chore: sync deadlines.json
2026-06-23T01:26:35Z	github-actions[bot]	github-actions[bot]	chore: sync deadlines.json
2026-06-22T22:58:14Z	github-actions[bot]	github-actions[bot]	chore: sync deadlines.json
2026-06-22T21:16:31Z	github-actions[bot]	github-actions[bot]	chore: sync deadlines.json
2026-06-22T17:55:33Z	github-actions[bot]	github-actions[bot]	chore: sync deadlines.json
2026-06-22T12:28:50Z	github-actions[bot]	github-actions[bot]	chore: sync deadlines.json
2026-06-22T05:34:43Z	github-actions[bot]	github-actions[bot]	chore: sync deadlines.json
2026-06-21T23:47:47Z	github-actions[bot]	github-actions[bot]	chore: sync deadlines.json
2026-06-21T21:44:54Z	github-actions[bot]	github-actions[bot]	chore: sync deadlines.json
2026-06-21T20:06:48Z	github-actions[bot]	github-actions[bot]	chore: sync deadlines.json
2026-06-21T17:56:52Z	github-actions[bot]	github-actions[bot]	chore: sync deadlines.json
2026-06-21T16:14:00Z	github-actions[bot]	github-actions[bot]	chore: sync deadlines.json
2026-06-21T13:19:53Z	github-actions[bot]	github-actions[bot]	chore: sync deadlines.json
2026-06-21T10:49:50Z	github-actions[bot]	github-actions[bot]	chore: sync deadlines.json
2026-06-21T07:13:01Z	github-actions[bot]	github-actions[bot]	chore: sync deadlines.json
2026-06-21T01:42:27Z	github-actions[bot]	github-actions[bot]	chore: sync deadlines.json
2026-06-20T22:37:46Z	github-actions[bot]	github-actions[bot]	chore: sync deadlines.json
2026-06-20T20:44:08Z	github-actions[bot]	github-actions[bot]	chore: sync deadlines.json
2026-06-20T18:49:29Z	github-actions[bot]	github-actions[bot]	chore: sync deadlines.json
2026-06-20T16:54:42Z	github-actions[bot]	github-actions[bot]	chore: sync deadlines.json
2026-06-20T14:34:27Z	github-actions[bot]	github-actions[bot]	chore: sync deadlines.json
2026-06-20T12:12:54Z	github-actions[bot]	github-actions[bot]	chore: sync deadlines.json
2026-06-20T10:15:33Z	github-actions[bot]	github-actions[bot]	chore: sync deadlines.json
2026-06-20T06:43:24Z	github-actions[bot]	github-actions[bot]	chore: sync deadlines.json
2026-06-20T01:34:09Z	github-actions[bot]	github-actions[bot]	chore: sync deadlines.json
2026-06-19T23:18:01Z	github-actions[bot]	github-actions[bot]	chore: sync deadlines.json
2026-06-19T21:38:25Z	github-actions[bot]	github-actions[bot]	chore: sync deadlines.json
2026-06-19T20:06:09Z	github-actions[bot]	github-actions[bot]	chore: sync deadlines.json
2026-06-19T18:12:01Z	github-actions[bot]	github-actions[bot]	chore: sync deadlines.json
2026-06-19T16:22:02Z	tahcin	tahcin	Merge branch 'fix/cla-categorization'
2026-06-19T16:18:54Z	tahcin	tahcin	Classify CLA assignments under CLAs section, not Projects
2026-06-19T16:16:43Z	github-actions[bot]	github-actions[bot]	chore: sync deadlines.json
2026-06-19T12:19:32Z	github-actions[bot]	github-actions[bot]	chore: sync deadlines.json
2026-06-19T07:32:04Z	github-actions[bot]	github-actions[bot]	chore: sync deadlines.json
2026-06-19T02:08:33Z	github-actions[bot]	github-actions[bot]	chore: sync deadlines.json
2026-06-18T23:12:57Z	github-actions[bot]	github-actions[bot]	chore: sync deadlines.json
2026-06-18T20:41:23Z	github-actions[bot]	github-actions[bot]	chore: sync deadlines.json
2026-06-18T17:33:07Z	github-actions[bot]	github-actions[bot]	chore: sync deadlines.json
2026-06-18T13:44:36Z	github-actions[bot]	github-actions[bot]	chore: sync deadlines.json
2026-06-18T09:48:57Z	github-actions[bot]	github-actions[bot]	chore: sync deadlines.json
2026-06-18T05:07:04Z	github-actions[bot]	github-actions[bot]	chore: sync deadlines.json
2026-06-17T23:53:10Z	github-actions[bot]	github-actions[bot]	chore: sync deadlines.json
2026-06-17T21:25:14Z	github-actions[bot]	github-actions[bot]	chore: sync deadlines.json
2026-06-17T18:37:07Z	github-actions[bot]	github-actions[bot]	chore: sync deadlines.json
2026-06-17T17:35:05Z	github-actions[bot]	github-actions[bot]	chore: update notifications-sent.json
2026-06-17T16:08:04Z	github-actions[bot]	github-actions[bot]	chore: sync deadlines.json
2026-06-17T11:19:38Z	github-actions[bot]	github-actions[bot]	chore: sync deadlines.json
2026-06-17T05:20:02Z	github-actions[bot]	github-actions[bot]	chore: sync deadlines.json
2026-06-16T23:50:44Z	github-actions[bot]	github-actions[bot]	chore: sync deadlines.json
2026-06-16T21:22:44Z	github-actions[bot]	github-actions[bot]	chore: sync deadlines.json
2026-06-16T17:24:37Z	github-actions[bot]	github-actions[bot]	chore: sync deadlines.json
2026-06-16T11:37:56Z	github-actions[bot]	github-actions[bot]	chore: sync deadlines.json
2026-06-16T05:37:39Z	github-actions[bot]	github-actions[bot]	chore: sync deadlines.json
2026-06-16T00:04:01Z	github-actions[bot]	github-actions[bot]	chore: sync deadlines.json
2026-06-15T21:26:24Z	github-actions[bot]	github-actions[bot]	chore: sync deadlines.json
2026-06-15T18:04:25Z	github-actions[bot]	github-actions[bot]	chore: sync deadlines.json
2026-06-15T12:45:36Z	github-actions[bot]	github-actions[bot]	chore: sync deadlines.json
2026-06-15T05:30:44Z	github-actions[bot]	github-actions[bot]	chore: sync deadlines.json
2026-06-14T23:39:25Z	github-actions[bot]	github-actions[bot]	chore: sync deadlines.json
2026-06-14T21:44:34Z	github-actions[bot]	github-actions[bot]	chore: sync deadlines.json
2026-06-14T20:01:01Z	github-actions[bot]	github-actions[bot]	chore: sync deadlines.json
2026-06-14T17:52:36Z	github-actions[bot]	github-actions[bot]	chore: sync deadlines.json
2026-06-14T15:21:24Z	github-actions[bot]	github-actions[bot]	chore: sync deadlines.json
2026-06-14T13:07:01Z	github-actions[bot]	github-actions[bot]	chore: sync deadlines.json
2026-06-14T10:33:53Z	github-actions[bot]	github-actions[bot]	chore: sync deadlines.json
2026-06-14T07:00:03Z	github-actions[bot]	github-actions[bot]	chore: sync deadlines.json
2026-06-14T01:38:31Z	github-actions[bot]	github-actions[bot]	chore: sync deadlines.json
2026-06-13T22:32:25Z	github-actions[bot]	github-actions[bot]	chore: sync deadlines.json
2026-06-13T20:42:32Z	github-actions[bot]	github-actions[bot]	chore: sync deadlines.json
2026-06-13T18:47:49Z	github-actions[bot]	github-actions[bot]	chore: sync deadlines.json
2026-06-13T16:51:34Z	github-actions[bot]	github-actions[bot]	chore: sync deadlines.json
2026-06-13T14:30:51Z	github-actions[bot]	github-actions[bot]	chore: sync deadlines.json
2026-06-13T12:05:19Z	github-actions[bot]	github-actions[bot]	chore: sync deadlines.json
2026-06-13T10:09:20Z	github-actions[bot]	github-actions[bot]	chore: sync deadlines.json
2026-06-13T06:34:38Z	github-actions[bot]	github-actions[bot]	chore: sync deadlines.json
2026-06-13T01:35:38Z	github-actions[bot]	github-actions[bot]	chore: sync deadlines.json
2026-06-12T22:50:01Z	github-actions[bot]	github-actions[bot]	chore: sync deadlines.json
2026-06-12T20:29:32Z	github-actions[bot]	github-actions[bot]	chore: sync deadlines.json
2026-06-12T19:32:53Z	github-actions[bot]	github-actions[bot]	chore: update notifications-sent.json
2026-06-12T17:19:24Z	github-actions[bot]	github-actions[bot]	chore: sync deadlines.json
2026-06-12T14:18:01Z	github-actions[bot]	github-actions[bot]	chore: sync deadlines.json
2026-06-12T11:11:14Z	github-actions[bot]	github-actions[bot]	chore: sync deadlines.json
2026-06-12T06:58:24Z	github-actions[bot]	github-actions[bot]	chore: sync deadlines.json
2026-06-12T01:41:52Z	github-actions[bot]	github-actions[bot]	chore: sync deadlines.json
2026-06-11T22:18:41Z	github-actions[bot]	github-actions[bot]	chore: sync deadlines.json
2026-06-11T19:49:08Z	github-actions[bot]	github-actions[bot]	chore: sync deadlines.json
2026-06-11T16:32:25Z	github-actions[bot]	github-actions[bot]	chore: sync deadlines.json
2026-06-11T11:51:28Z	github-actions[bot]	github-actions[bot]	chore: sync deadlines.json
2026-06-11T07:10:52Z	github-actions[bot]	github-actions[bot]	chore: sync deadlines.json
2026-06-11T01:43:13Z	github-actions[bot]	github-actions[bot]	chore: sync deadlines.json
2026-06-10T22:59:40Z	github-actions[bot]	github-actions[bot]	chore: sync deadlines.json
2026-06-10T20:47:42Z	github-actions[bot]	github-actions[bot]	chore: sync deadlines.json
2026-06-10T18:11:23Z	github-actions[bot]	github-actions[bot]	chore: sync deadlines.json
2026-06-10T14:31:37Z	github-actions[bot]	github-actions[bot]	chore: sync deadlines.json
2026-06-10T11:06:18Z	github-actions[bot]	github-actions[bot]	chore: sync deadlines.json
2026-06-10T06:45:03Z	github-actions[bot]	github-actions[bot]	chore: sync deadlines.json
2026-06-10T01:33:15Z	github-actions[bot]	github-actions[bot]	chore: sync deadlines.json
2026-06-09T22:54:06Z	github-actions[bot]	github-actions[bot]	chore: sync deadlines.json
2026-06-09T21:15:41Z	github-actions[bot]	github-actions[bot]	chore: sync deadlines.json
2026-06-09T18:25:07Z	github-actions[bot]	github-actions[bot]	chore: sync deadlines.json
2026-06-09T16:14:17Z	github-actions[bot]	github-actions[bot]	chore: sync deadlines.json
2026-06-09T12:19:04Z	github-actions[bot]	github-actions[bot]	chore: sync deadlines.json
2026-06-09T08:43:12Z	github-actions[bot]	github-actions[bot]	chore: sync deadlines.json
2026-06-09T04:39:15Z	github-actions[bot]	github-actions[bot]	chore: sync deadlines.json
2026-06-08T23:40:05Z	github-actions[bot]	github-actions[bot]	chore: sync deadlines.json
2026-06-08T22:02:45Z	github-actions[bot]	github-actions[bot]	chore: sync deadlines.json
2026-06-08T19:37:15Z	github-actions[bot]	github-actions[bot]	chore: sync deadlines.json
2026-06-08T16:31:05Z	github-actions[bot]	github-actions[bot]	chore: sync deadlines.json
2026-06-08T12:11:17Z	github-actions[bot]	github-actions[bot]	chore: sync deadlines.json
2026-06-08T07:09:52Z	github-actions[bot]	github-actions[bot]	chore: sync deadlines.json
2026-06-08T01:36:29Z	github-actions[bot]	github-actions[bot]	chore: sync deadlines.json
2026-06-07T22:32:07Z	github-actions[bot]	github-actions[bot]	chore: sync deadlines.json
2026-06-07T20:40:03Z	github-actions[bot]	github-actions[bot]	chore: sync deadlines.json
2026-06-07T18:52:27Z	github-actions[bot]	github-actions[bot]	chore: update notifications-sent.json
2026-06-07T18:41:58Z	github-actions[bot]	github-actions[bot]	chore: sync deadlines.json
2026-06-07T16:47:25Z	github-actions[bot]	github-actions[bot]	chore: sync deadlines.json
2026-06-07T14:23:04Z	github-actions[bot]	github-actions[bot]	chore: sync deadlines.json
2026-06-07T12:03:44Z	github-actions[bot]	github-actions[bot]	chore: sync deadlines.json
2026-06-07T10:11:02Z	github-actions[bot]	github-actions[bot]	chore: sync deadlines.json
2026-06-07T06:44:46Z	github-actions[bot]	github-actions[bot]	chore: sync deadlines.json
2026-06-07T01:34:20Z	github-actions[bot]	github-actions[bot]	chore: sync deadlines.json
2026-06-06T22:31:47Z	github-actions[bot]	github-actions[bot]	chore: sync deadlines.json
2026-06-06T20:36:47Z	github-actions[bot]	github-actions[bot]	chore: sync deadlines.json
2026-06-06T18:42:14Z	github-actions[bot]	github-actions[bot]	chore: sync deadlines.json
2026-06-06T16:36:46Z	github-actions[bot]	github-actions[bot]	chore: sync deadlines.json
2026-06-06T14:55:38Z	github-actions[bot]	github-actions[bot]	chore: sync deadlines.json
2026-06-06T12:46:49Z	github-actions[bot]	github-actions[bot]	chore: sync deadlines.json
2026-06-06T11:01:28Z	github-actions[bot]	github-actions[bot]	chore: sync deadlines.json
2026-06-06T08:48:11Z	github-actions[bot]	github-actions[bot]	chore: sync deadlines.json
2026-06-06T06:05:06Z	github-actions[bot]	github-actions[bot]	chore: sync deadlines.json
2026-06-06T01:25:20Z	github-actions[bot]	github-actions[bot]	chore: sync deadlines.json
2026-06-05T22:37:38Z	github-actions[bot]	github-actions[bot]	chore: sync deadlines.json
2026-06-05T20:18:31Z	github-actions[bot]	github-actions[bot]	chore: sync deadlines.json
2026-06-05T18:15:40Z	github-actions[bot]	github-actions[bot]	chore: sync deadlines.json
2026-06-05T16:11:14Z	github-actions[bot]	github-actions[bot]	chore: sync deadlines.json
2026-06-05T12:21:31Z	github-actions[bot]	github-actions[bot]	chore: sync deadlines.json
2026-06-05T08:54:22Z	github-actions[bot]	github-actions[bot]	chore: sync deadlines.json
2026-06-05T05:02:24Z	github-actions[bot]	github-actions[bot]	chore: update notifications-sent.json
2026-06-05T04:50:38Z	github-actions[bot]	github-actions[bot]	chore: sync deadlines.json
2026-06-04T23:40:26Z	github-actions[bot]	github-actions[bot]	chore: sync deadlines.json
2026-06-04T21:55:40Z	github-actions[bot]	github-actions[bot]	chore: sync deadlines.json
2026-06-04T19:33:32Z	github-actions[bot]	github-actions[bot]	chore: sync deadlines.json
2026-06-04T16:30:35Z	github-actions[bot]	github-actions[bot]	chore: sync deadlines.json
2026-06-04T12:23:40Z	github-actions[bot]	github-actions[bot]	chore: sync deadlines.json
2026-06-04T09:04:35Z	github-actions[bot]	github-actions[bot]	chore: sync deadlines.json
2026-06-04T05:12:32Z	github-actions[bot]	github-actions[bot]	chore: sync deadlines.json
2026-06-04T00:04:37Z	github-actions[bot]	github-actions[bot]	chore: sync deadlines.json
2026-06-03T21:32:08Z	github-actions[bot]	github-actions[bot]	chore: sync deadlines.json
2026-06-03T17:23:37Z	github-actions[bot]	github-actions[bot]	chore: sync deadlines.json
2026-06-03T12:17:10Z	github-actions[bot]	github-actions[bot]	chore: sync deadlines.json
2026-06-03T07:16:46Z	github-actions[bot]	github-actions[bot]	chore: sync deadlines.json
2026-06-03T02:02:34Z	github-actions[bot]	github-actions[bot]	chore: sync deadlines.json
2026-06-02T23:11:43Z	github-actions[bot]	github-actions[bot]	chore: sync deadlines.json
2026-06-02T20:22:13Z	github-actions[bot]	github-actions[bot]	chore: sync deadlines.json
2026-06-02T16:58:07Z	github-actions[bot]	github-actions[bot]	chore: sync deadlines.json
2026-06-02T11:45:35Z	github-actions[bot]	github-actions[bot]	chore: sync deadlines.json
2026-06-02T07:00:34Z	github-actions[bot]	github-actions[bot]	chore: sync deadlines.json
2026-06-02T01:40:06Z	github-actions[bot]	github-actions[bot]	chore: sync deadlines.json
2026-06-01T22:18:10Z	github-actions[bot]	github-actions[bot]	chore: sync deadlines.json
2026-06-01T18:18:46Z	github-actions[bot]	github-actions[bot]	chore: sync deadlines.json
2026-06-01T12:12:23Z	github-actions[bot]	github-actions[bot]	chore: sync deadlines.json
2026-06-01T05:20:19Z	github-actions[bot]	github-actions[bot]	chore: sync deadlines.json
2026-05-31T23:35:42Z	github-actions[bot]	github-actions[bot]	chore: sync deadlines.json
2026-05-31T22:16:49Z	github-actions[bot]	github-actions[bot]	chore: sync deadlines.json
2026-05-31T20:34:49Z	github-actions[bot]	github-actions[bot]	chore: sync deadlines.json
2026-05-31T18:18:53Z	github-actions[bot]	github-actions[bot]	chore: sync deadlines.json
2026-05-31T17:42:50Z	github-actions[bot]	github-actions[bot]	chore: update notifications-sent.json
2026-05-31T16:38:32Z	github-actions[bot]	github-actions[bot]	chore: sync deadlines.json
2026-05-31T14:58:50Z	github-actions[bot]	github-actions[bot]	chore: sync deadlines.json
2026-05-31T12:50:47Z	github-actions[bot]	github-actions[bot]	chore: sync deadlines.json
2026-05-31T11:09:49Z	github-actions[bot]	github-actions[bot]	chore: sync deadlines.json
2026-05-31T08:24:36Z	github-actions[bot]	github-actions[bot]	chore: sync deadlines.json
2026-05-31T05:07:51Z	github-actions[bot]	github-actions[bot]	chore: update notifications-sent.json
2026-05-31T04:55:59Z	github-actions[bot]	github-actions[bot]	chore: sync deadlines.json
2026-05-30T23:31:57Z	github-actions[bot]	github-actions[bot]	chore: sync deadlines.json
2026-05-30T22:18:10Z	github-actions[bot]	github-actions[bot]	chore: sync deadlines.json
2026-05-30T21:16:50Z	github-actions[bot]	github-actions[bot]	chore: sync deadlines.json
2026-05-30T19:46:16Z	github-actions[bot]	github-actions[bot]	chore: sync deadlines.json
2026-05-30T18:16:44Z	github-actions[bot]	github-actions[bot]	chore: sync deadlines.json
2026-05-30T16:18:22Z	github-actions[bot]	github-actions[bot]	chore: sync deadlines.json
2026-05-30T14:50:21Z	github-actions[bot]	github-actions[bot]	chore: sync deadlines.json
2026-05-30T12:18:47Z	github-actions[bot]	github-actions[bot]	chore: sync deadlines.json
2026-05-30T10:20:39Z	github-actions[bot]	github-actions[bot]	chore: sync deadlines.json
2026-05-30T07:59:54Z	github-actions[bot]	github-actions[bot]	chore: sync deadlines.json
2026-05-30T04:30:10Z	github-actions[bot]	github-actions[bot]	chore: sync deadlines.json
2026-05-29T23:43:55Z	github-actions[bot]	github-actions[bot]	chore: sync deadlines.json
2026-05-29T22:07:28Z	github-actions[bot]	github-actions[bot]	chore: sync deadlines.json
2026-05-29T19:43:09Z	github-actions[bot]	github-actions[bot]	chore: sync deadlines.json
2026-05-29T16:55:24Z	github-actions[bot]	github-actions[bot]	chore: sync deadlines.json
2026-05-29T12:29:51Z	github-actions[bot]	github-actions[bot]	chore: sync deadlines.json
2026-05-29T08:53:58Z	github-actions[bot]	github-actions[bot]	chore: sync deadlines.json
2026-05-29T04:46:39Z	github-actions[bot]	github-actions[bot]	chore: sync deadlines.json
2026-05-28T23:45:55Z	github-actions[bot]	github-actions[bot]	chore: sync deadlines.json
2026-05-28T22:13:27Z	github-actions[bot]	github-actions[bot]	chore: sync deadlines.json
2026-05-28T19:46:53Z	github-actions[bot]	github-actions[bot]	chore: sync deadlines.json
2026-05-28T17:04:34Z	github-actions[bot]	github-actions[bot]	chore: sync deadlines.json
2026-05-28T12:47:56Z	github-actions[bot]	github-actions[bot]	chore: sync deadlines.json
2026-05-28T08:55:37Z	github-actions[bot]	github-actions[bot]	chore: sync deadlines.json
2026-05-28T04:44:46Z	github-actions[bot]	github-actions[bot]	chore: sync deadlines.json
2026-05-27T23:40:14Z	github-actions[bot]	github-actions[bot]	chore: sync deadlines.json
2026-05-27T22:14:37Z	github-actions[bot]	github-actions[bot]	chore: sync deadlines.json
2026-05-27T19:39:00Z	github-actions[bot]	github-actions[bot]	chore: update notifications-sent.json
2026-05-27T19:34:52Z	github-actions[bot]	github-actions[bot]	chore: sync deadlines.json
2026-05-27T16:51:26Z	github-actions[bot]	github-actions[bot]	chore: sync deadlines.json
2026-05-27T12:34:05Z	github-actions[bot]	github-actions[bot]	chore: sync deadlines.json
2026-05-27T08:50:34Z	github-actions[bot]	github-actions[bot]	chore: sync deadlines.json
2026-05-27T04:52:49Z	github-actions[bot]	github-actions[bot]	chore: sync deadlines.json
2026-05-26T23:35:40Z	github-actions[bot]	github-actions[bot]	chore: sync deadlines.json
2026-05-26T22:00:02Z	github-actions[bot]	github-actions[bot]	chore: sync deadlines.json
2026-05-26T19:30:28Z	github-actions[bot]	github-actions[bot]	chore: sync deadlines.json
2026-05-26T16:55:55Z	github-actions[bot]	github-actions[bot]	chore: sync deadlines.json
2026-05-26T08:45:56Z	github-actions[bot]	github-actions[bot]	chore: sync deadlines.json
2026-05-26T04:37:46Z	github-actions[bot]	github-actions[bot]	chore: sync deadlines.json
2026-05-25T23:34:39Z	github-actions[bot]	github-actions[bot]	chore: sync deadlines.json
2026-05-25T21:37:44Z	github-actions[bot]	github-actions[bot]	chore: sync deadlines.json
2026-05-25T20:01:53Z	github-actions[bot]	github-actions[bot]	chore: sync deadlines.json
2026-05-25T18:01:29Z	github-actions[bot]	github-actions[bot]	chore: sync deadlines.json
2026-05-25T16:05:15Z	github-actions[bot]	github-actions[bot]	chore: sync deadlines.json
2026-05-25T12:46:46Z	github-actions[bot]	github-actions[bot]	chore: sync deadlines.json
2026-05-25T09:08:52Z	github-actions[bot]	github-actions[bot]	chore: sync deadlines.json
2026-05-25T04:56:24Z	github-actions[bot]	github-actions[bot]	chore: sync deadlines.json
2026-05-24T23:29:51Z	github-actions[bot]	github-actions[bot]	chore: sync deadlines.json
2026-05-24T22:14:59Z	github-actions[bot]	github-actions[bot]	chore: sync deadlines.json
2026-05-24T21:14:46Z	github-actions[bot]	github-actions[bot]	chore: sync deadlines.json
2026-05-24T19:43:34Z	github-actions[bot]	github-actions[bot]	chore: sync deadlines.json
2026-05-24T17:19:24Z	github-actions[bot]	github-actions[bot]	chore: sync deadlines.json
2026-05-24T15:37:43Z	github-actions[bot]	github-actions[bot]	chore: sync deadlines.json
2026-05-24T14:04:00Z	github-actions[bot]	github-actions[bot]	chore: sync deadlines.json
2026-05-24T11:44:55Z	github-actions[bot]	github-actions[bot]	chore: sync deadlines.json
2026-05-24T10:13:41Z	github-actions[bot]	github-actions[bot]	chore: sync deadlines.json
2026-05-24T08:02:09Z	github-actions[bot]	github-actions[bot]	chore: sync deadlines.json
2026-05-24T04:44:06Z	github-actions[bot]	github-actions[bot]	chore: sync deadlines.json
2026-05-24T00:15:46Z	github-actions[bot]	github-actions[bot]	chore: sync deadlines.json
2026-05-23T23:13:54Z	github-actions[bot]	github-actions[bot]	chore: sync deadlines.json
2026-05-23T22:11:16Z	github-actions[bot]	github-actions[bot]	chore: sync deadlines.json
2026-05-23T21:10:17Z	github-actions[bot]	github-actions[bot]	chore: sync deadlines.json
2026-05-23T19:40:10Z	github-actions[bot]	github-actions[bot]	chore: sync deadlines.json
2026-05-23T17:30:12Z	github-actions[bot]	github-actions[bot]	chore: sync deadlines.json
2026-05-23T15:35:21Z	github-actions[bot]	github-actions[bot]	chore: sync deadlines.json
2026-05-23T14:05:32Z	github-actions[bot]	github-actions[bot]	chore: sync deadlines.json
2026-05-23T12:10:23Z	github-actions[bot]	github-actions[bot]	chore: sync deadlines.json
2026-05-23T10:47:42Z	github-actions[bot]	github-actions[bot]	chore: sync deadlines.json
2026-05-23T09:16:11Z	github-actions[bot]	github-actions[bot]	chore: sync deadlines.json
2026-05-23T06:48:38Z	github-actions[bot]	github-actions[bot]	chore: sync deadlines.json
2026-05-23T04:11:18Z	github-actions[bot]	github-actions[bot]	chore: sync deadlines.json
2026-05-22T23:35:21Z	github-actions[bot]	github-actions[bot]	chore: sync deadlines.json
2026-05-22T21:39:18Z	github-actions[bot]	github-actions[bot]	chore: sync deadlines.json
2026-05-22T20:14:22Z	github-actions[bot]	github-actions[bot]	chore: sync deadlines.json
2026-05-22T18:10:39Z	github-actions[bot]	github-actions[bot]	chore: sync deadlines.json
2026-05-22T15:27:41Z	github-actions[bot]	github-actions[bot]	chore: sync deadlines.json
2026-05-22T12:02:49Z	github-actions[bot]	github-actions[bot]	chore: sync deadlines.json
2026-05-22T08:34:07Z	github-actions[bot]	github-actions[bot]	chore: sync deadlines.json
2026-05-22T04:39:58Z	github-actions[bot]	github-actions[bot]	chore: sync deadlines.json
2026-05-21T23:19:29Z	github-actions[bot]	github-actions[bot]	chore: sync deadlines.json
2026-05-21T21:52:38Z	github-actions[bot]	github-actions[bot]	chore: sync deadlines.json
2026-05-21T20:15:04Z	github-actions[bot]	github-actions[bot]	chore: sync deadlines.json
2026-05-21T19:28:49Z	github-actions[bot]	github-actions[bot]	chore: update notifications-sent.json
2026-05-21T17:36:39Z	github-actions[bot]	github-actions[bot]	chore: sync deadlines.json
2026-05-21T14:19:36Z	github-actions[bot]	github-actions[bot]	chore: sync deadlines.json
2026-05-21T10:51:07Z	github-actions[bot]	github-actions[bot]	chore: sync deadlines.json
2026-05-21T06:31:33Z	github-actions[bot]	github-actions[bot]	chore: sync deadlines.json
2026-05-21T01:29:26Z	github-actions[bot]	github-actions[bot]	chore: sync deadlines.json
2026-05-20T22:47:39Z	github-actions[bot]	github-actions[bot]	chore: sync deadlines.json
2026-05-20T21:16:34Z	github-actions[bot]	github-actions[bot]	chore: sync deadlines.json
2026-05-20T19:04:25Z	github-actions[bot]	github-actions[bot]	chore: update notifications-sent.json
2026-05-20T18:35:33Z	github-actions[bot]	github-actions[bot]	chore: sync deadlines.json
2026-05-20T16:01:28Z	github-actions[bot]	github-actions[bot]	chore: sync deadlines.json
2026-05-20T12:06:04Z	github-actions[bot]	github-actions[bot]	chore: sync deadlines.json
2026-05-20T08:42:15Z	github-actions[bot]	github-actions[bot]	chore: update notifications-sent.json
2026-05-20T08:37:52Z	github-actions[bot]	github-actions[bot]	chore: sync deadlines.json
2026-05-20T04:40:35Z	github-actions[bot]	github-actions[bot]	chore: sync deadlines.json
2026-05-19T23:35:19Z	github-actions[bot]	github-actions[bot]	chore: sync deadlines.json
2026-05-19T21:49:20Z	github-actions[bot]	github-actions[bot]	chore: sync deadlines.json
2026-05-19T19:20:39Z	github-actions[bot]	github-actions[bot]	chore: sync deadlines.json
2026-05-19T16:34:08Z	github-actions[bot]	github-actions[bot]	chore: sync deadlines.json
2026-05-19T12:23:01Z	github-actions[bot]	github-actions[bot]	chore: sync deadlines.json
2026-05-19T08:41:30Z	github-actions[bot]	github-actions[bot]	chore: sync deadlines.json
2026-05-19T04:36:38Z	github-actions[bot]	github-actions[bot]	chore: sync deadlines.json
2026-05-18T23:33:52Z	github-actions[bot]	github-actions[bot]	chore: sync deadlines.json
2026-05-18T22:16:43Z	github-actions[bot]	github-actions[bot]	chore: sync deadlines.json
2026-05-18T20:49:04Z	github-actions[bot]	github-actions[bot]	chore: sync deadlines.json
2026-05-18T19:06:12Z	github-actions[bot]	github-actions[bot]	chore: sync deadlines.json
2026-05-18T16:36:11Z	github-actions[bot]	github-actions[bot]	chore: sync deadlines.json
2026-05-18T12:50:43Z	github-actions[bot]	github-actions[bot]	chore: sync deadlines.json
2026-05-18T08:55:17Z	github-actions[bot]	github-actions[bot]	chore: sync deadlines.json
2026-05-18T04:46:42Z	github-actions[bot]	github-actions[bot]	chore: sync deadlines.json
2026-05-18T00:14:21Z	github-actions[bot]	github-actions[bot]	chore: sync deadlines.json
2026-05-17T23:14:43Z	github-actions[bot]	github-actions[bot]	chore: sync deadlines.json
2026-05-17T22:11:03Z	github-actions[bot]	github-actions[bot]	chore: sync deadlines.json
2026-05-17T21:10:50Z	github-actions[bot]	github-actions[bot]	chore: sync deadlines.json
2026-05-17T19:40:12Z	github-actions[bot]	github-actions[bot]	chore: sync deadlines.json
2026-05-17T17:18:43Z	github-actions[bot]	github-actions[bot]	chore: sync deadlines.json
2026-05-17T15:32:11Z	github-actions[bot]	github-actions[bot]	chore: sync deadlines.json
2026-05-17T14:00:35Z	github-actions[bot]	github-actions[bot]	chore: sync deadlines.json
2026-05-17T11:35:13Z	github-actions[bot]	github-actions[bot]	chore: sync deadlines.json
2026-05-17T10:02:11Z	github-actions[bot]	github-actions[bot]	chore: sync deadlines.json
2026-05-17T07:46:24Z	github-actions[bot]	github-actions[bot]	chore: sync deadlines.json
2026-05-17T04:35:23Z	github-actions[bot]	github-actions[bot]	chore: sync deadlines.json
2026-05-17T00:11:32Z	github-actions[bot]	github-actions[bot]	chore: sync deadlines.json
2026-05-16T23:11:37Z	github-actions[bot]	github-actions[bot]	chore: sync deadlines.json
2026-05-16T22:07:40Z	github-actions[bot]	github-actions[bot]	chore: sync deadlines.json
2026-05-16T21:07:35Z	github-actions[bot]	github-actions[bot]	chore: sync deadlines.json
2026-05-16T19:36:41Z	github-actions[bot]	github-actions[bot]	chore: sync deadlines.json
2026-05-16T17:18:51Z	github-actions[bot]	github-actions[bot]	chore: sync deadlines.json
2026-05-16T15:20:11Z	github-actions[bot]	github-actions[bot]	chore: sync deadlines.json
2026-05-16T14:03:25Z	github-actions[bot]	github-actions[bot]	chore: sync deadlines.json
2026-05-16T12:09:43Z	github-actions[bot]	github-actions[bot]	chore: sync deadlines.json
2026-05-16T10:40:10Z	github-actions[bot]	github-actions[bot]	chore: sync deadlines.json
2026-05-16T09:04:22Z	github-actions[bot]	github-actions[bot]	chore: sync deadlines.json
2026-05-16T06:38:12Z	github-actions[bot]	github-actions[bot]	chore: sync deadlines.json
2026-05-16T04:06:01Z	github-actions[bot]	github-actions[bot]	chore: sync deadlines.json
2026-05-16T00:11:54Z	github-actions[bot]	github-actions[bot]	chore: sync deadlines.json
2026-05-15T23:15:52Z	github-actions[bot]	github-actions[bot]	chore: sync deadlines.json
2026-05-15T22:13:59Z	github-actions[bot]	github-actions[bot]	chore: sync deadlines.json
2026-05-15T20:37:27Z	github-actions[bot]	github-actions[bot]	chore: sync deadlines.json
2026-05-15T18:58:14Z	github-actions[bot]	github-actions[bot]	chore: sync deadlines.json
2026-05-15T17:03:46Z	github-actions[bot]	github-actions[bot]	chore: sync deadlines.json
2026-05-15T14:39:12Z	github-actions[bot]	github-actions[bot]	chore: sync deadlines.json
2026-05-15T11:32:37Z	github-actions[bot]	github-actions[bot]	chore: sync deadlines.json
2026-05-15T08:21:03Z	github-actions[bot]	github-actions[bot]	chore: sync deadlines.json
2026-05-15T04:31:49Z	github-actions[bot]	github-actions[bot]	chore: sync deadlines.json
2026-05-15T00:14:16Z	github-actions[bot]	github-actions[bot]	chore: sync deadlines.json
2026-05-14T23:14:35Z	github-actions[bot]	github-actions[bot]	chore: sync deadlines.json
2026-05-14T21:39:19Z	github-actions[bot]	github-actions[bot]	chore: sync deadlines.json
2026-05-14T20:05:46Z	github-actions[bot]	github-actions[bot]	chore: sync deadlines.json
2026-05-14T18:12:21Z	github-actions[bot]	github-actions[bot]	chore: sync deadlines.json
2026-05-14T15:37:37Z	github-actions[bot]	github-actions[bot]	chore: sync deadlines.json
2026-05-14T13:07:49Z	github-actions[bot]	github-actions[bot]	chore: sync deadlines.json
2026-05-14T10:37:38Z	github-actions[bot]	github-actions[bot]	chore: sync deadlines.json
2026-05-14T08:06:12Z	github-actions[bot]	github-actions[bot]	chore: sync deadlines.json
2026-05-14T05:31:02Z	github-actions[bot]	github-actions[bot]	chore: update notifications-sent.json
2026-05-14T04:59:20Z	github-actions[bot]	github-actions[bot]	chore: sync deadlines.json
2026-05-14T00:18:23Z	github-actions[bot]	github-actions[bot]	chore: sync deadlines.json
2026-05-13T22:40:44Z	github-actions[bot]	github-actions[bot]	chore: sync deadlines.json
2026-05-13T21:10:38Z	github-actions[bot]	github-actions[bot]	chore: update notifications-sent.json
2026-05-13T20:57:58Z	github-actions[bot]	github-actions[bot]	chore: sync deadlines.json
2026-05-13T20:06:51Z	tahcin	tahcin	fix(notifs): shorten the far reminder from T-24h to T-12h
2026-05-13T20:04:15Z	tahcin	tahcin	fix(notifs): don't skip pushes for items the syncing user completed
2026-05-13T20:02:57Z	tahcin	tahcin	fix(ui): show completed deadlines on the site without marking them done
2026-05-13T20:00:43Z	tahcin	tahcin	fix(ui): keep completed deadlines hidden on the public site
2026-05-13T19:57:46Z	github-actions[bot]	github-actions[bot]	chore: sync deadlines.json
2026-05-13T19:43:15Z	tahcin	tahcin	fix: keep completed deadlines visible until grace expires
2026-05-13T19:12:23Z	github-actions[bot]	github-actions[bot]	chore: sync deadlines.json
2026-05-13T18:32:50Z	tahcin	tahcin	fix: target Total Subscriptions segment for OneSignal pushes
2026-05-13T16:36:15Z	github-actions[bot]	github-actions[bot]	chore: sync deadlines.json
2026-05-13T16:17:07Z	tahcin	tahcin	fix: validate OneSignal notification delivery
2026-05-13T13:33:06Z	github-actions[bot]	github-actions[bot]	chore: sync deadlines.json
2026-05-13T10:47:10Z	github-actions[bot]	github-actions[bot]	chore: sync deadlines.json
2026-05-13T07:34:01Z	github-actions[bot]	github-actions[bot]	chore: sync deadlines.json
2026-05-13T04:17:56Z	github-actions[bot]	github-actions[bot]	chore: sync deadlines.json
2026-05-13T00:15:45Z	github-actions[bot]	github-actions[bot]	chore: sync deadlines.json
2026-05-12T22:38:18Z	github-actions[bot]	github-actions[bot]	chore: sync deadlines.json
2026-05-12T20:53:15Z	github-actions[bot]	github-actions[bot]	chore: sync deadlines.json
2026-05-12T18:24:31Z	github-actions[bot]	github-actions[bot]	chore: update notifications-sent.json
2026-05-12T18:20:19Z	github-actions[bot]	github-actions[bot]	chore: sync deadlines.json
2026-05-12T15:56:47Z	github-actions[bot]	github-actions[bot]	chore: sync deadlines.json
2026-05-12T13:18:06Z	github-actions[bot]	github-actions[bot]	chore: sync deadlines.json
2026-05-12T10:44:29Z	github-actions[bot]	github-actions[bot]	chore: sync deadlines.json
2026-05-12T07:20:29Z	github-actions[bot]	github-actions[bot]	chore: sync deadlines.json
2026-05-12T04:10:22Z	github-actions[bot]	github-actions[bot]	chore: sync deadlines.json
2026-05-12T00:14:21Z	github-actions[bot]	github-actions[bot]	chore: sync deadlines.json
2026-05-11T23:14:38Z	github-actions[bot]	github-actions[bot]	chore: sync deadlines.json
2026-05-11T21:44:49Z	github-actions[bot]	github-actions[bot]	chore: sync deadlines.json
2026-05-11T20:07:13Z	github-actions[bot]	github-actions[bot]	chore: sync deadlines.json
2026-05-11T18:09:33Z	github-actions[bot]	github-actions[bot]	chore: sync deadlines.json
2026-05-11T16:14:16Z	github-actions[bot]	github-actions[bot]	chore: sync deadlines.json
2026-05-11T13:55:02Z	tahcin	tahcin	fix
2026-05-11T13:32:06Z	tahcin	tahcin	mobile notif fix
2026-05-11T12:25:54Z	github-actions[bot]	github-actions[bot]	chore: sync deadlines.json
2026-05-11T12:21:54Z	tahcin	tahcin	ui
2026-05-11T12:13:40Z	tahcin	tahcin	fixes
2026-05-11T12:10:52Z	tahcin	tahcin	PWA fixes + sub fixes
2026-05-11T11:54:24Z	tahcin	tahcin	its working yay and more qol
2026-05-11T11:28:11Z	tahcin	tahcin	did we fix it?
2026-05-11T08:39:11Z	github-actions[bot]	github-actions[bot]	chore: sync deadlines.json
2026-05-11T04:40:57Z	github-actions[bot]	github-actions[bot]	chore: sync deadlines.json
2026-05-11T00:11:28Z	github-actions[bot]	github-actions[bot]	chore: sync deadlines.json
2026-05-10T23:12:14Z	github-actions[bot]	github-actions[bot]	chore: sync deadlines.json
2026-05-10T22:07:22Z	github-actions[bot]	github-actions[bot]	chore: sync deadlines.json
2026-05-10T21:56:28Z	tahcin	tahcin	ugh
2026-05-10T21:54:57Z	tahcin	tahcin	mobile fix
2026-05-10T21:52:54Z	tahcin	tahcin	copy update
2026-05-10T21:51:09Z	tahcin	tahcin	fix
2026-05-10T21:48:43Z	tahcin	tahcin	fix
2026-05-10T21:45:50Z	tahcin	tahcin	fix
2026-05-10T21:41:18Z	tahcin	tahcin	idk fix
2026-05-10T21:39:23Z	tahcin	tahcin	fix
2026-05-10T21:38:01Z	tahcin	tahcin	fix
2026-05-10T21:35:17Z	tahcin	tahcin	fix i hope
2026-05-10T21:30:26Z	tahcin	tahcin	fix
2026-05-10T21:26:44Z	tahcin	tahcin	fix
2026-05-10T21:16:28Z	tahcin	tahcin	fix
2026-05-10T21:13:52Z	tahcin	tahcin	fix
2026-05-10T21:09:06Z	github-actions[bot]	github-actions[bot]	chore: sync deadlines.json
2026-05-10T21:06:44Z	tahcin	tahcin	fix
2026-05-10T21:00:56Z	tahcin	tahcin	fixes
2026-05-10T19:57:41Z	tahcin	tahcin	cache fix
2026-05-10T19:36:50Z	github-actions[bot]	github-actions[bot]	chore: sync deadlines.json
2026-05-10T18:11:58Z	github-actions[bot]	github-actions[bot]	chore: sync deadlines.json
2026-05-10T17:18:01Z	github-actions[bot]	github-actions[bot]	chore: sync deadlines.json
2026-05-10T16:15:05Z	github-actions[bot]	github-actions[bot]	chore: sync deadlines.json
2026-05-10T15:16:58Z	github-actions[bot]	github-actions[bot]	chore: sync deadlines.json
2026-05-10T13:59:22Z	github-actions[bot]	github-actions[bot]	chore: sync deadlines.json
2026-05-10T12:06:07Z	github-actions[bot]	github-actions[bot]	chore: sync deadlines.json
2026-05-10T10:40:56Z	github-actions[bot]	github-actions[bot]	chore: sync deadlines.json
2026-05-10T09:05:25Z	github-actions[bot]	github-actions[bot]	chore: sync deadlines.json
2026-05-10T06:22:10Z	github-actions[bot]	github-actions[bot]	chore: sync deadlines.json
2026-05-10T05:15:18Z	tahcin	tahcin	cache fix
2026-05-10T05:06:17Z	tahcin	tahcin	more fix
2026-05-10T04:51:32Z	tahcin	tahcin	ui fix
2026-05-10T04:45:46Z	tahcin	tahcin	ui + notification logic change
2026-05-10T04:12:06Z	tahcin	tahcin	ui update
2026-05-10T03:31:05Z	tahcin	tahcin	Drop tick mark from empty state; offset sticky calendar below nav
2026-05-10T03:29:58Z	tahcin	tahcin	Sticky nav, scrollbar gutter, drop arrows everywhere, drop nav meta + footer attribution, tighten whitespace
2026-05-10T03:25:20Z	tahcin	tahcin	Card-based layout with sticky calendar; mixed-weight hero; remove hover movement
2026-05-10T03:17:43Z	tahcin	tahcin	Switch to Satoshi everywhere; drop section markers
2026-05-10T03:14:34Z	tahcin	tahcin	Hide cohort note unless subscribed; trim italics; align nav width to feed; add open-arrow affordance
2026-05-10T03:10:11Z	tahcin	tahcin	Restore brand logo and red/amber color palette; keep typographic structure
2026-05-10T03:05:17Z	tahcin	tahcin	Rewrite UI: editorial typographic redesign with Up Next hero, dense rows, filter chips
2026-05-10T02:55:39Z	tahcin	tahcin	Cache static assets, drop no-store fetch, prune deadlines.json server-side
2026-05-10T02:49:03Z	tahcin	tahcin	Improve push notification copy (Module X.Y TYPE #N of Course is due in N hours)
2026-05-10T02:43:53Z	github-actions[bot]	github-actions[bot]	chore: update notifications-sent.json
2026-05-10T02:41:50Z	tahcin	tahcin	Add hourly OneSignal reminders, opt-out flow, cohort disclaimer; sync hourly
2026-05-10T02:05:46Z	tahcin	tahcin	Render deadlines from synced deadlines.json with 24h post-expiry grace
2026-05-10T01:58:59Z	github-actions[bot]	github-actions[bot]	chore: sync deadlines.json
2026-05-10T01:55:47Z	tahcin	tahcin	Add nightly IIMBx deadline sync workflow
2025-09-10T05:24:19Z	tahcin	Tahcin Sarwar	Update script.js
2025-09-10T05:19:44Z	tahcin	Tahcin Sarwar	Update index.html
2025-07-30T11:22:47Z	tahcin	Tahcin Sarwar	Update script.js
2025-07-30T05:41:41Z	tahcin	Tahcin Sarwar	Update script.js
2025-07-30T05:40:50Z	tahcin	Tahcin Sarwar	Update script.js
2025-07-30T05:40:27Z	tahcin	Tahcin Sarwar	Update index.html
2025-07-21T06:41:59Z	tahcin	Tahcin Sarwar	Update script.js
2025-07-21T06:40:57Z	tahcin	Tahcin Sarwar	Update index.html
2025-07-21T06:39:51Z	tahcin	Tahcin Sarwar	Update script.js
2025-07-21T06:34:01Z	tahcin	Tahcin Sarwar	Update index.html
2025-07-16T10:53:45Z	tahcin	Tahcin Sarwar	Update script.js
2025-07-10T12:02:44Z	tahcin	Tahcin Sarwar	Update script.js
2025-07-10T11:57:23Z	tahcin	Tahcin Sarwar	Update index.html
2025-07-04T08:20:48Z	tahcin	Tahcin Sarwar	Update script.js
2025-07-04T08:18:43Z	tahcin	Tahcin Sarwar	Update index.html
2025-07-01T13:26:30Z	tahcin	Tahcin Sarwar	Update script.js
2025-07-01T13:24:12Z	tahcin	Tahcin Sarwar	Update script.js
2025-07-01T13:23:37Z	tahcin	Tahcin Sarwar	Update index.html
2025-06-26T06:26:54Z	tahcin	Tahcin Sarwar	Update script.js
2025-06-23T06:25:03Z	tahcin	Tahcin Sarwar	Update index.html
2025-06-23T06:24:18Z	tahcin	Tahcin Sarwar	Update index.html
2025-06-22T07:47:28Z	tahcin	Tahcin Sarwar	Update script.js
2025-06-22T07:40:12Z	tahcin	Tahcin Sarwar	Update script.js
2025-06-22T07:39:42Z	tahcin	Tahcin Sarwar	Update index.html
2025-06-06T13:47:35Z	tahcin	Tahcin Sarwar	Update script.js
2025-06-06T13:47:04Z	tahcin	Tahcin Sarwar	Update script.js
2025-06-06T13:45:11Z	tahcin	Tahcin Sarwar	Update index.html
2025-06-02T18:33:31Z	tahcin	Tahcin Sarwar	Update index.html
2025-05-31T15:30:43Z	tahcin	Tahcin Sarwar	Update script.js
2025-05-31T15:28:29Z	tahcin	Tahcin Sarwar	Update index.html
2025-05-27T11:11:59Z	tahcin	Tahcin Sarwar	Update script.js
2025-05-27T11:10:37Z	tahcin	Tahcin Sarwar	Update index.html
2025-05-22T18:42:44Z	tahcin	Tahcin Sarwar	Update index.html
2025-05-22T18:41:45Z	tahcin	Tahcin Sarwar	Update script.js
2025-05-22T18:40:43Z	tahcin	Tahcin Sarwar	Update index.html
2025-05-22T18:39:39Z	tahcin	Tahcin Sarwar	Update script.js
2025-04-30T10:09:29Z	tahcin	Tahcin Sarwar	Update script.js
2025-04-25T09:02:10Z	tahcin	Tahcin Sarwar	Update index.html
2025-04-25T06:49:23Z	tahcin	Tahcin Sarwar	Update script.js
2025-04-25T06:47:42Z	tahcin	Tahcin Sarwar	Update script.js
2025-04-25T06:47:11Z	tahcin	Tahcin Sarwar	Update index.html
2025-04-20T13:02:30Z	tahcin	Tahcin Sarwar	Update index.html
2025-04-19T12:52:00Z	tahcin	Tahcin Sarwar	Update script.js
2025-04-19T12:49:49Z	tahcin	Tahcin Sarwar	Update script.js
2025-04-19T10:47:48Z	tahcin	Tahcin Sarwar	Update index.html
2025-04-19T09:45:14Z	tahcin	Tahcin Sarwar	Update script.js
2025-04-17T17:41:23Z	tahcin	Tahcin Sarwar	Update index.html
2025-04-17T10:55:40Z	tahcin	Tahcin Sarwar	Update script.js
2025-04-17T10:54:03Z	tahcin	Tahcin Sarwar	Update index.html
2025-04-17T10:53:38Z	tahcin	Tahcin Sarwar	Update script.js
2025-04-16T16:43:04Z	tahcin	Tahcin Sarwar	Update script.js
2025-04-16T13:42:53Z	tahcin	Tahcin Sarwar	Update index.html
2025-04-15T16:56:37Z	tahcin	Tahcin Sarwar	Add files via upload
2025-04-15T16:56:16Z	tahcin	Tahcin Sarwar	Delete public/images/meta.png
2025-04-15T15:42:23Z	tahcin	Tahcin Sarwar	Update script.js
2025-04-15T01:47:46Z	tahcin	Tahcin Sarwar	Update script.js
2025-04-15T01:47:00Z	tahcin	Tahcin Sarwar	Update index.html
2025-04-12T11:44:36Z	tahcin	Tahcin Sarwar	Update index.html
2025-04-10T17:57:56Z	tahcin	Tahcin Sarwar	Update styles.css
2025-04-10T08:31:00Z	tahcin	Tahcin Sarwar	Update script.js
2025-04-10T08:28:07Z	tahcin	Tahcin Sarwar	Update script.js
2025-04-10T08:22:17Z	tahcin	Tahcin Sarwar	Update script.js
2025-04-10T08:20:45Z	tahcin	Tahcin Sarwar	Update script.js
2025-04-10T08:11:06Z	tahcin	Tahcin Sarwar	Update index.html
2025-04-10T08:05:45Z	tahcin	Tahcin Sarwar	Update index.html
2025-04-10T08:04:56Z	tahcin	Tahcin Sarwar	Update manifest.json
2025-04-10T08:04:39Z	tahcin	Tahcin Sarwar	Rename favicon.ico to favicon-v2.ico
2025-04-10T08:04:29Z	tahcin	Tahcin Sarwar	Rename favicon-32x32.png to favicon-32x32-v2.png
2025-04-10T08:04:16Z	tahcin	Tahcin Sarwar	Rename favicon-16x16.png to favicon-16x16-v2.png
2025-04-10T08:04:03Z	tahcin	Tahcin Sarwar	Rename apple-touch-icon.png to apple-touch-icon-v2.png
2025-04-10T08:03:54Z	tahcin	Tahcin Sarwar	Rename android-chrome-512x512.png to android-chrome-512x512-v2.png
2025-04-10T08:03:42Z	tahcin	Tahcin Sarwar	Rename android-chrome-192x192.png to android-chrome-192x192-v2.png
2025-04-10T07:59:43Z	tahcin	Tahcin Sarwar	Add files via upload
2025-04-10T07:59:16Z	tahcin	Tahcin Sarwar	Delete public/images/favicon-32x32.png
2025-04-10T07:59:09Z	tahcin	Tahcin Sarwar	Delete public/images/favicon.ico
2025-04-10T07:58:42Z	tahcin	Tahcin Sarwar	Delete public/images/favicon-16x16.png
2025-04-10T07:58:30Z	tahcin	Tahcin Sarwar	Delete public/images/apple-touch-icon.png
2025-04-10T07:58:23Z	tahcin	Tahcin Sarwar	Delete public/images/android-chrome-512x512.png
2025-04-10T07:58:16Z	tahcin	Tahcin Sarwar	Delete public/images/android-chrome-192x192.png
2025-04-10T07:54:45Z	tahcin	Tahcin Sarwar	Rename dd-lightmode1.png to dd-lightmode.png
2025-04-10T07:54:34Z	tahcin	Tahcin Sarwar	Rename dd-lightmode.png to dd-darkmode.png
2025-04-10T07:54:22Z	tahcin	Tahcin Sarwar	Rename dd-darkmode.png to dd-lightmode1.png
2025-04-10T07:53:05Z	tahcin	Tahcin Sarwar	Update styles.css
2025-04-10T07:49:03Z	tahcin	Tahcin Sarwar	Update index.html
2025-04-10T07:48:01Z	tahcin	Tahcin Sarwar	Add files via upload
2025-04-10T06:17:16Z	tahcin	Tahcin Sarwar	Update script.js
2025-04-10T06:15:36Z	tahcin	Tahcin Sarwar	Update script.js
2025-04-10T06:10:45Z	tahcin	Tahcin Sarwar	Update index.html
2025-04-06T05:23:47Z	tahcin	Tahcin Sarwar	Update index.html
2025-04-05T10:37:36Z	tahcin	Tahcin Sarwar	Update index.html
2025-04-04T09:25:01Z	tahcin	Tahcin Sarwar	Update script.js
2025-04-04T09:23:36Z	tahcin	Tahcin Sarwar	Update index.html
2025-04-02T07:11:36Z	tahcin	Tahcin Sarwar	Update styles.css
2025-04-02T07:11:18Z	tahcin	Tahcin Sarwar	Update script.js
2025-04-02T07:10:55Z	tahcin	Tahcin Sarwar	Update index.html
2025-03-27T18:24:49Z	tahcin	Tahcin Sarwar	Update index.html
2025-03-27T18:10:53Z	tahcin	Tahcin Sarwar	Update script.js
2025-03-27T18:08:59Z	tahcin	Tahcin Sarwar	Update index.html
2025-03-27T17:17:49Z	tahcin	Tahcin Sarwar	Update index.html
2025-03-26T21:55:02Z	tahcin	Tahcin Sarwar	Update styles.css
2025-03-26T21:53:00Z	tahcin	Tahcin Sarwar	Update styles.css
2025-03-26T21:50:47Z	tahcin	Tahcin Sarwar	Update styles.css
2025-03-26T21:49:43Z	tahcin	Tahcin Sarwar	Update styles.css
2025-03-26T21:48:34Z	tahcin	Tahcin Sarwar	Update styles.css
2025-03-26T21:47:21Z	tahcin	Tahcin Sarwar	Update styles.css
2025-03-26T21:46:17Z	tahcin	Tahcin Sarwar	Update styles.css
2025-03-26T21:41:49Z	tahcin	Tahcin Sarwar	Update styles.css
2025-03-26T21:41:23Z	tahcin	Tahcin Sarwar	Update index.html
2025-03-26T20:58:04Z	tahcin	Tahcin Sarwar	Update script.js
2025-03-26T20:52:06Z	tahcin	Tahcin Sarwar	Update script.js
2025-03-26T20:49:48Z	tahcin	Tahcin Sarwar	Update styles.css
2025-03-26T20:49:20Z	tahcin	Tahcin Sarwar	Update script.js
2025-03-26T20:43:06Z	tahcin	Tahcin Sarwar	Update index.html
2025-03-26T11:01:00Z	tahcin	Tahcin Sarwar	Update index.html
2025-03-26T10:59:27Z	tahcin	Tahcin Sarwar	Update index.html
2025-03-26T10:52:30Z	tahcin	Tahcin Sarwar	Update index.html
2025-03-26T09:19:43Z	tahcin	Tahcin Sarwar	Update index.html
2025-03-26T08:43:05Z	tahcin	Tahcin Sarwar	Update index.html
2025-03-26T08:42:44Z	tahcin	Tahcin Sarwar	Update styles.css
2025-03-26T08:28:51Z	tahcin	Tahcin Sarwar	Update styles.css
2025-03-26T08:27:58Z	tahcin	Tahcin Sarwar	Update script.js
2025-03-26T08:26:24Z	tahcin	Tahcin Sarwar	Update script.js
2025-03-26T08:25:12Z	tahcin	Tahcin Sarwar	Update index.html
2025-03-26T07:58:33Z	tahcin	Tahcin Sarwar	Update index.html
2025-03-26T07:56:51Z	tahcin	Tahcin Sarwar	Delete public/push/onesignal/e
2025-03-26T07:51:59Z	tahcin	Tahcin Sarwar	Add files via upload
2025-03-26T07:51:29Z	tahcin	Tahcin Sarwar	Create e
2025-03-26T07:51:00Z	tahcin	Tahcin Sarwar	Delete push/onesignal directory
2025-03-26T07:50:10Z	tahcin	Tahcin Sarwar	Delete push/onesignal/e
2025-03-26T07:49:54Z	tahcin	Tahcin Sarwar	Add files via upload
2025-03-26T07:49:02Z	tahcin	Tahcin Sarwar	Create e
2025-03-21T12:31:20Z	tahcin	Tahcin Sarwar	Update index.html
2025-03-21T07:43:19Z	tahcin	Tahcin Sarwar	Update index.html
2025-03-21T07:41:57Z	tahcin	Tahcin Sarwar	Update script.js
2025-03-21T07:36:35Z	tahcin	Tahcin Sarwar	Update index.html
2025-03-21T07:34:14Z	tahcin	Tahcin Sarwar	Update index.html
2025-03-21T07:30:02Z	tahcin	Tahcin Sarwar	Update styles.css
2025-03-21T07:06:04Z	tahcin	Tahcin Sarwar	Update index.html
2025-03-21T07:05:58Z	tahcin	Tahcin Sarwar	Update script.js
2025-03-21T06:55:57Z	tahcin	Tahcin Sarwar	Update index.html
2025-03-20T10:45:55Z	tahcin	Tahcin Sarwar	Update index.html
2025-03-20T08:37:22Z	tahcin	Tahcin Sarwar	Update index.html
2025-03-20T08:36:16Z	tahcin	Tahcin Sarwar	Update index.html
2025-03-20T08:31:56Z	tahcin	Tahcin Sarwar	Update index.html
2025-03-19T17:18:25Z	tahcin	Tahcin Sarwar	Update index.html
2025-03-19T17:17:10Z	tahcin	Tahcin Sarwar	Update index.html
2025-03-19T17:00:23Z	tahcin	Tahcin Sarwar	Update index.html
2025-03-19T06:23:11Z	tahcin	Tahcin Sarwar	Update index.html
2025-03-19T06:12:06Z	tahcin	Tahcin Sarwar	Update index.html
2025-03-19T06:09:44Z	tahcin	Tahcin Sarwar	Update index.html
2025-03-19T06:08:34Z	tahcin	Tahcin Sarwar	Update index.html
2025-03-19T05:27:16Z	tahcin	Tahcin Sarwar	Update index.html
2025-03-19T04:49:27Z	tahcin	Tahcin Sarwar	Update styles.css
2025-03-19T04:48:46Z	tahcin	Tahcin Sarwar	Update styles.css
2025-03-19T04:48:10Z	tahcin	Tahcin Sarwar	Update script.js
2025-03-19T04:46:15Z	tahcin	Tahcin Sarwar	Update styles.css
2025-03-19T04:41:29Z	tahcin	Tahcin Sarwar	Update styles.css
2025-03-19T04:40:25Z	tahcin	Tahcin Sarwar	Update script.js
2025-03-19T04:39:21Z	tahcin	Tahcin Sarwar	Update script.js
2025-03-19T04:38:43Z	tahcin	Tahcin Sarwar	Update script.js
2025-03-19T04:37:11Z	tahcin	Tahcin Sarwar	Update script.js
2025-03-19T04:35:56Z	tahcin	Tahcin Sarwar	Update script.js
2025-03-19T04:34:15Z	tahcin	Tahcin Sarwar	Update script.js
2025-03-19T04:33:21Z	tahcin	Tahcin Sarwar	Update script.js
2025-03-19T04:32:39Z	tahcin	Tahcin Sarwar	Update styles.css
2025-03-19T04:30:46Z	tahcin	Tahcin Sarwar	Update styles.css
2025-03-19T04:30:20Z	tahcin	Tahcin Sarwar	Update script.js
2025-03-19T04:26:46Z	tahcin	Tahcin Sarwar	Update script.js
2025-03-19T04:25:47Z	tahcin	Tahcin Sarwar	Update script.js
2025-03-19T04:24:32Z	tahcin	Tahcin Sarwar	Rename styles (12).css to styles.css
2025-03-19T04:24:13Z	tahcin	Tahcin Sarwar	Rename script (8).js to script.js
2025-03-19T04:23:50Z	tahcin	Tahcin Sarwar	Rename index (12).html to index.html
2025-03-19T04:23:31Z	tahcin	Tahcin Sarwar	Add files via upload
2025-03-19T04:22:55Z	tahcin	Tahcin Sarwar	Delete public/styles.css
2025-03-19T04:22:45Z	tahcin	Tahcin Sarwar	Delete public/index.html
2025-03-19T04:22:33Z	tahcin	Tahcin Sarwar	Delete public/script.js
2025-03-19T04:20:33Z	tahcin	Tahcin Sarwar	Update styles.css
2025-03-19T04:16:41Z	tahcin	Tahcin Sarwar	Update script.js
2025-03-19T04:12:55Z	tahcin	Tahcin Sarwar	Update styles.css
2025-03-19T04:09:04Z	tahcin	Tahcin Sarwar	Update script.js
2025-03-19T04:08:23Z	tahcin	Tahcin Sarwar	Update styles.css
2025-03-19T04:01:22Z	tahcin	Tahcin Sarwar	Update index.html
2025-03-19T04:00:56Z	tahcin	Tahcin Sarwar	Update styles.css
2025-03-19T03:58:43Z	tahcin	Tahcin Sarwar	Update script.js
2025-03-19T03:43:21Z	tahcin	Tahcin Sarwar	Update index.html
2025-03-19T03:41:21Z	tahcin	Tahcin Sarwar	Update styles.css
2025-03-19T03:39:22Z	tahcin	Tahcin Sarwar	Update index.html
2025-03-19T03:38:52Z	tahcin	Tahcin Sarwar	Update styles.css
2025-03-19T03:37:13Z	tahcin	Tahcin Sarwar	Update styles.css
2025-03-19T03:35:41Z	tahcin	Tahcin Sarwar	Update styles.css
2025-03-19T03:31:42Z	tahcin	Tahcin Sarwar	Update styles.css
2025-03-19T03:29:59Z	tahcin	Tahcin Sarwar	Update index.html
2025-03-19T03:29:27Z	tahcin	Tahcin Sarwar	Update styles.css
2025-03-19T03:27:27Z	tahcin	Tahcin Sarwar	Update styles.css
2025-03-19T03:24:53Z	tahcin	Tahcin Sarwar	Update styles.css
2025-03-19T03:23:15Z	tahcin	Tahcin Sarwar	Update styles.css
2025-03-19T03:21:17Z	tahcin	Tahcin Sarwar	Update index.html
2025-03-19T03:20:33Z	tahcin	Tahcin Sarwar	Update styles.css
2025-03-19T03:19:02Z	tahcin	Tahcin Sarwar	Update styles.css
2025-03-19T03:18:22Z	tahcin	Tahcin Sarwar	Update index.html
2025-03-19T03:14:40Z	tahcin	Tahcin Sarwar	Update index.html
2025-03-19T02:57:46Z	tahcin	Tahcin Sarwar	Update script.js
2025-03-19T02:47:34Z	tahcin	Tahcin Sarwar	Update styles.css
2025-03-19T02:47:13Z	tahcin	Tahcin Sarwar	Update script.js
2025-03-19T02:46:54Z	tahcin	Tahcin Sarwar	Update index.html
2025-03-18T12:20:36Z	tahcin	Tahcin Sarwar	Update index.html
2025-03-18T11:41:14Z	tahcin	Tahcin Sarwar	Update index.html
2025-03-17T14:35:20Z	tahcin	Tahcin Sarwar	Update service-worker.js
2025-03-17T13:46:01Z	tahcin	Tahcin Sarwar	Update index.html
2025-03-17T03:17:59Z	tahcin	Tahcin Sarwar	Update script.js
2025-03-17T03:10:28Z	tahcin	Tahcin Sarwar	Update script.js
2025-03-17T03:10:07Z	tahcin	Tahcin Sarwar	Update script.js
2025-03-17T03:09:42Z	tahcin	Tahcin Sarwar	Create service-worker.js
2025-03-17T03:09:09Z	tahcin	Tahcin Sarwar	Update index.html
2025-03-17T03:08:32Z	tahcin	Tahcin Sarwar	Add files via upload
2025-03-16T19:13:24Z	tahcin	Tahcin Sarwar	Update index.html
2025-03-15T03:45:06Z	tahcin	Tahcin Sarwar	Update script.js
2025-03-15T03:44:27Z	tahcin	Tahcin Sarwar	Update script.js
2025-03-13T14:13:56Z	tahcin	Tahcin Sarwar	Update index.html
2025-03-13T14:12:54Z	tahcin	Tahcin Sarwar	Update index.html
2025-03-13T06:47:18Z	tahcin	Tahcin Sarwar	Update styles.css
2025-03-13T06:43:53Z	tahcin	Tahcin Sarwar	Update script.js
2025-03-13T06:32:21Z	tahcin	Tahcin Sarwar	Update script.js
2025-03-12T18:21:06Z	tahcin	Tahcin Sarwar	Update index.html
2025-03-12T18:20:37Z	tahcin	Tahcin Sarwar	Update index.html
2025-03-12T18:18:22Z	tahcin	Tahcin Sarwar	Update script.js
2025-03-12T18:17:40Z	tahcin	Tahcin Sarwar	Update index.html
2025-03-12T18:17:08Z	tahcin	Tahcin Sarwar	Update script.js
2025-03-12T18:15:30Z	tahcin	Tahcin Sarwar	Update index.html
2025-03-12T12:47:25Z	tahcin	Tahcin Sarwar	Update index.html
2025-03-12T08:47:07Z	tahcin	Tahcin Sarwar	Update index.html
2025-03-12T08:46:36Z	tahcin	Tahcin Sarwar	Rename Screenshot 2025-03-12 042954.png to meta.png
2025-03-12T08:46:08Z	tahcin	Tahcin Sarwar	Add files via upload
2025-03-12T08:45:49Z	tahcin	Tahcin Sarwar	Delete public/images/meta
2025-03-12T08:44:45Z	tahcin	Tahcin Sarwar	Rename Screenshot 2025-03-12 042954.png to meta
2025-03-12T08:44:09Z	tahcin	Tahcin Sarwar	Add files via upload
2025-03-12T00:00:44Z	tahcin	Tahcin Sarwar	Delete styles.css
2025-03-12T00:00:34Z	tahcin	Tahcin Sarwar	Delete script.js
2025-03-12T00:00:22Z	tahcin	Tahcin Sarwar	Delete index.html
2025-03-12T00:00:10Z	tahcin	Tahcin Sarwar	Update script.js
2025-03-11T23:58:58Z	tahcin	Tahcin Sarwar	Update index.html
2025-03-11T23:56:48Z	tahcin	Tahcin Sarwar	Update index.html
2025-03-11T23:55:52Z	tahcin	Tahcin Sarwar	Create script.js
2025-03-11T23:55:33Z	tahcin	Tahcin Sarwar	Create styles.css
2025-03-11T23:55:03Z	tahcin	Tahcin Sarwar	Create index.html
2025-03-11T23:52:23Z	tahcin	Tahcin Sarwar	Delete vercel.json
2025-03-11T23:43:55Z	tahcin	Tahcin Sarwar	Delete public/images/e
2025-03-11T23:39:40Z	tahcin	Tahcin Sarwar	Update vercel.json
2025-03-11T23:37:45Z	tahcin	Tahcin Sarwar	Create vercel.json
2025-03-11T23:34:43Z	tahcin	Tahcin Sarwar	Delete vercel.json
2025-03-11T23:34:26Z	tahcin	Tahcin Sarwar	Delete images directory
2025-03-11T23:34:09Z	tahcin	Tahcin Sarwar	Update index.html
2025-03-11T23:33:08Z	tahcin	Tahcin Sarwar	Add files via upload
2025-03-11T23:32:26Z	tahcin	Tahcin Sarwar	Create e
2025-03-11T23:29:10Z	tahcin	Tahcin Sarwar	Update vercel.json
2025-03-11T23:27:28Z	tahcin	Tahcin Sarwar	Create vercel.json
2025-03-11T23:25:38Z	tahcin	Tahcin Sarwar	Delete pages directory
2025-03-11T23:23:02Z	tahcin	Tahcin Sarwar	Create index.html
2025-03-11T23:17:19Z	tahcin	Tahcin Sarwar	Create sitemap.xml
2025-03-11T23:13:35Z	tahcin	Tahcin Sarwar	Update index.html
2025-03-11T23:08:57Z	tahcin	Tahcin Sarwar	Update index.html
2025-03-11T23:03:07Z	tahcin	Tahcin Sarwar	Update index.html
2025-03-11T22:44:45Z	tahcin	Tahcin Sarwar	Delete favicon.ico
2025-03-11T22:44:33Z	tahcin	Tahcin Sarwar	Delete favicon-32x32.png
2025-03-11T22:44:22Z	tahcin	Tahcin Sarwar	Delete favicon-16x16.png
2025-03-11T22:42:13Z	tahcin	Tahcin Sarwar	Delete bbadbe.jpg
2025-03-11T22:42:02Z	tahcin	Tahcin Sarwar	Delete apple-touch-icon.png
2025-03-11T22:41:22Z	tahcin	Tahcin Sarwar	Update index.html
2025-03-11T22:40:54Z	tahcin	Tahcin Sarwar	Delete android-chrome-512x512.png
2025-03-11T22:40:41Z	tahcin	Tahcin Sarwar	Delete android-chrome-192x192.png
2025-03-11T22:40:00Z	tahcin	Tahcin Sarwar	Update index.html
2025-03-11T22:36:25Z	tahcin	Tahcin Sarwar	Add files via upload
2025-03-11T22:35:35Z	tahcin	Tahcin Sarwar	Create e
2025-03-11T14:59:25Z	tahcin	tahcin	Update index.html
2025-03-11T12:12:25Z	tahcin	tahcin	Update index.html
2025-03-11T11:41:53Z	tahcin	tahcin	Update index.html
2025-03-11T11:38:31Z	tahcin	tahcin	Update index.html
2025-03-11T11:24:27Z	tahcin	tahcin	Add files via upload
2025-03-11T11:23:50Z	tahcin	tahcin	Delete favicon.ico
2025-03-11T11:23:41Z	tahcin	tahcin	Delete favicon-32x32.png
2025-03-11T11:23:31Z	tahcin	tahcin	Delete favicon-16x16.png
2025-03-11T11:23:22Z	tahcin	tahcin	Delete apple-touch-icon.png
2025-03-11T11:23:14Z	tahcin	tahcin	Delete android-chrome-512x512.png
2025-03-11T11:22:55Z	tahcin	tahcin	Delete android-chrome-192x192.png
2025-03-11T11:22:38Z	tahcin	tahcin	Update index.html
2025-03-11T10:59:43Z	tahcin	tahcin	Update index.html
2025-03-11T10:49:43Z	tahcin	tahcin	Update styles.css
2025-03-11T10:48:39Z	tahcin	tahcin	Update index.html
2025-03-11T10:02:29Z	tahcin	tahcin	Update script.js
2025-03-11T09:59:54Z	tahcin	tahcin	Update script.js
2025-03-11T09:56:17Z	tahcin	tahcin	Update styles.css
2025-03-11T09:55:17Z	tahcin	tahcin	Update script.js
2025-03-11T09:04:35Z	tahcin	tahcin	Update index.html
2025-03-10T18:39:36Z	tahcin	tahcin	Update script.js
2025-03-10T18:19:14Z	tahcin	tahcin	Add files via upload
2025-03-10T18:18:57Z	tahcin	tahcin	Delete script.js
2025-03-10T18:18:48Z	tahcin	tahcin	Delete index.html
2025-03-10T18:18:02Z	tahcin	tahcin	Add files via upload
2025-03-10T18:17:37Z	tahcin	tahcin	Delete styles.css
2025-03-10T17:22:20Z	tahcin	tahcin	Add files via upload
2025-03-10T17:21:44Z	tahcin	tahcin	Delete styles.css
2025-03-10T17:14:06Z	tahcin	tahcin	Add files via upload
2025-03-10T17:08:14Z	tahcin	tahcin	Delete index.html
2025-03-10T16:36:13Z	tahcin	tahcin	Delete bbadbe.jpg
2025-03-10T16:34:15Z	tahcin	tahcin	Add files via upload
